rank,city,state,Census2010,Change,Estimate2018,Land Area2016 sqkm,Land Area2016 sqmi,Latitude,Longitude,Population Density2016 sqkm,Population Density2016 sqmi,country,county,demonym,elevation,fip code,gni id,incorporated,land,mayor,metro,summer,time zone,type,water,website,Cost of living Index,Average annual traffic hours
1.0,New York City,NewYork,8175133.0,2.74,8398748.0,780.9,301.5,40.6635N,73.9387W,10933.0,28317.0,United States,,New Yorker,33.0,36-51000,975772,nan,302.643,Bill de Blasio,13318.0,UTC−04:00 (EDT),UTC−05:00 (EST),Mayor–Council,165.841,NYC.gov,100.00,133.0
2.0,Los Angeles,California,3792621.0,5.22,3990456.0,1213.9,468.7,34.0194N,118.4108W,3276.0,8484.0,United States,Los Angeles,Angeleno,305.0,06-44000,"1662328, 2410877","April 4, 1850",468.74,Eric Garcetti,13131431.0,UTC−07:00 (PDT),UTC−08:00 (Pacific),Mayor-Council-Commission,34.02,Official website,78.20,128.0
3.0,Chicago,Illinois,2695598.0,0.39,2705994.0,588.7,227.3,41.8376N,87.6818W,4600.0,11900.0,United States,"Cook, DuPage",Chicagoan,594.0,17-14000,0428803,"August 12, 1833",227.34,Lori Lightfoot,10874.0,UTC−05:00 (Central),UTC−06:00 (Central),Mayor–council,6.8,www.cityofchicago.org,77.75,138.0
4.0,Houston,Texas,2100263.0,10.72,2325502.0,1651.1,637.5,29.7866N,95.3909W,1395.0,3613.0,United States,"Harris, Fort Bend, Montgomery",Houstonian,80.0,48-35000,1380948,"June 5, 1837",599.59,Sylvester Turner,1062.0,UTC−5 (CDT),UTC−6 (CST),Mayor–council,,houstontx.gov,63.62,
5.0,Phoenix,Arizona,1445632.0,14.85,1660272.0,1340.6,517.6,33.5722N,112.0901W,1200.0,3120.0,United States,Maricopa,Phoenician,1086.0,04-55000,"44784, 2411414","February 25, 1881",517.64,Kate Gallego,14565.76,,UTC−7 (MST (no DST)),Council-Manager,1.25,www.phoenix.gov,65.88,
6.0,Philadelphia,Pennsylvania,1526006.0,3.81,1584138.0,347.6,134.2,40.0094N,75.1333W,4511.0,11683.0,United States,Philadelphia,Philadelphian,39.0,42-60000,1215531,"October 25, 1701",134.28,Jim Kenney,6096120.0,UTC-4 (EDT),UTC-5 (EST),"Mayor–council, consolidated city-county",8.42,www.phila.gov,80.19,112.0
7.0,San Antonio,Texas,1327407.0,15.43,1532233.0,1194.0,461.0,29.4724N,98.5251W,1250.0,3238.0,United States,"Bexar, Medina, Comal",San Antonian,650.0,nan,nan,"June 5, 1837",460.93,Ron Nirenberg,2473974.0,UTC−5 (CDT),UTC−6 (CST),Council-Manager,4.5,www.SanAntonio.gov,61.87,
8.0,San Diego,California,1307402.0,9.07,1425976.0,842.3,325.2,32.8153N,117.1350W,1670.0,4325.0,United States,San Diego,San Diegan,62.0,06-66000,"1661377, 2411782","March 27, 1850",325.19,Kevin Faulconer,3317749.0,UTC−7 (PDT),UTC−8 (Pacific),Strong mayor,47.2,SanDiego.gov,72.67,
9.0,Dallas,Texas,1197816.0,12.29,1345047.0,882.9,340.9,32.7933N,96.7665W,1493.0,3866.0,United States,"Dallas, Collin, Denton, Rockwall, Kaufman",Dallasite,430.0,48-19000,1380944,"February 2, 1856",340.5,Mike Rawlings,7233323.0,UTC−5 (Central),UTC−6 (Central),Council–Manager,45.3,dallascityhall.com,66.95,
10.0,San Jose,California,945942.0,8.90,1030119.0,459.7,177.5,37.2967N,121.8189W,2231.0,5777.0,United States,Santa Clara,San Josean  Josefino/a,82.0,06-68000,"1654952, 2411790","March 27, 1850",177.51,Sam Liccardo,,UTC−7 (Pacific Daylight Time),UTC−8 (Pacific Time Zone),Council–manager,3.01,www.sanjoseca.gov,76.36,
11.0,Austin,Texas,790390.0,22.00,964254.0,809.9,312.7,30.3039N,97.7544W,1170.0,3031.0,United States,"Hays, Travis, Williamson",Austinite,1330.0,48-05000,1384879,"December 27, 1839",297.9,Steve Adler,4285.7,UTC−5 (CDT),UTC−6 (CST),Council–manager,7.2,www.austintexas.gov,69.94,
12.0,Jacksonville,Florida,821784.0,9.99,903889.0,1935.8,747.4,30.3369N,81.6616W,455.0,1178.0,United States,Duval,"Jacksonvillian, Jaxson",16.0,12-35000,0295003,1832,747.45,Lenny Curry,1504980.0,UTC−4 (EDT),UTC−5 (Eastern (EST)),Strong Mayor–Council,127.19,City of Jacksonville,69.00,
13.0,Fort Worth,Texas,741206.0,20.75,895008.0,888.1,342.9,32.7815N,97.3467W,962.0,2491.0,United States,"Tarrant, Denton, Parker, Wise[1]",Fort Worther,653.0,48-27000,1380947,1873,342.2,Betsy Price,7102796.0,UTC−5 (CDT),UTC−6 (CST),Council-Manager,7.0,fortworthtexas.gov,66.91,
14.0,Columbus,Ohio,787033.0,13.40,892533.0,565.9,218.5,39.9852N,82.9848W,1520.0,3936.0,United States,"Delaware, Fairfield, Franklin, Pickaway",Columbusite,902.0,39-18000,1080996,nan,217.17,Andrew J. Ginther,2078725.0,UTC-4 (EDT),UTC-5 (EST),nan,5.94,City of Columbus,65.79,
15.0,San Francisco,California,805235.0,9.70,883305.0,121.5,46.9,37.7272N,123.0322W,7170.0,18569.0,United States,,San FranciscanSan Francisqueño/a,52.0,06-67000,"277593, 2411786","April 15, 1850",46.89,London Breed,,UTC−7 (Pacific Daylight Time),UTC−8 (Pacific Time Zone),Mayor-council,185.0,sf.gov,91.67,116.0
16.0,Charlotte,NorthCarolina,731424.0,19.29,872498.0,791.0,305.4,35.2078N,80.8310W,1064.0,2757.0,United States,Mecklenburg,Charlottean,761.0,37-12000,nan,1768,,Vi Lyles,2474314.0,UTC−4 (EDT),UTC−5 (EST),Council-manager,,charlottenc.gov,75.63,
17.0,Indianapolis,Indiana,820445.0,5.69,867125.0,936.3,361.5,39.7767N,86.1459W,914.0,2366.0,United States,Marion,Indianapolitan,715.0,18-36003,nan,"September 3, 1832",361.51,Joe Hogsett,2004230.0,UTC−4 (EDT),UTC−5 (EST),Strong mayor–council,6.52,www.indy.gov,67.05,
18.0,Seattle,Washington,608660.0,22.39,744955.0,217.0,83.8,47.6205N,122.3509W,3245.0,8405.0,United States,King,Seattleite,,53-63000,1512650,"December 2, 1869",83.86,Jenny Durkan,8186.0,UTC−7 (PDT),UTC−8 (PST),Mayor–council,58.21,Seattle.gov,84.16,138.0
19.0,Denver,Colorado,600158.0,19.38,716492.0,397.0,153.3,39.7619N,104.8811W,1746.0,4521.0,United States,,Denverite,51305690.0,08-20000,0201738,"November 7, 1861, as Denver City, C.T.",153.33,Michael Hancock,8414.4,UTC−6 (MDT),UTC−7 (MST),Consolidated City and County,1.63,denvergov.org,70.72,
20.0,"Washington, D.C.",DistrictofColumbia,601723.0,16.74,702455.0,158.2,61.1,38.9041N,77.0172W,4304.0,11148.0,United States,,Washingtonian,,nan,nan,nan,61.05,Muriel Bowser,6216589.0,UTC−4 (EDT),UTC−5 (EST),nan,7.29,dc.gov,,
21.0,Boston,Massachusetts,617594.0,12.47,694583.0,125.1,48.3,42.3320N,71.0202W,5381.0,13938.0,United States,Suffolk,Bostonian,141.0,25-07000,0617565,"March 19, 1822",48.42,Marty Walsh,4500.0,UTC−4 (EDT),UTC−5 (EST),Strong mayor / Council,41.21,Boston.gov,82.68,
22.0,El Paso,Texas,649121.0,5.17,682669.0,665.1,256.8,31.8484N,106.4270W,1030.0,2660.0,United States,El Paso,El Pasoan,3740.0,48-24000,1380946,1873,255.3,nan,845553.0,UTC−6 (MDT),UTC−7 (MST),Council–manager,1.0,www.elpasotexas.gov,,
23.0,Detroit,Michigan,713777.0,5.76,672662.0,359.5,138.8,42.3830N,83.1022W,1871.0,4847.0,United States,Wayne,Detroiter,656.0,26-22000,1617959,"September 13, 1806",138.72,Mike Duggan,3913.0,UTC−4 (EDT),UTC−5 (EST),Mayor–council,4.17,Official website,60.04,
24.0,Nashville,Tennessee,601222.0,11.28,669053.0,1232.6,475.9,36.1718N,86.7850W,536.0,1388.0,United States,Davidson,Nashvillian,597.0,nan,nan,1806,504.03,David Briley),1903045.0,UTC−5 (CDT),UTC−6 (CST),nan,21.91,www.nashville.gov,67.50,
25.0,Portland,Oregon,583776.0,11.88,653115.0,345.8,133.5,45.5370N,122.6500W,1851.0,4793.0,United States,MultnomahWashingtonClackamas,Portlander,50.0,41-59000,1136645,"February 8, 1851",133.0,Ted Wheeler,2478810.0,UTC−07:00 (PDT),UTC−08:00 (PST),Commission,12.0,PortlandOregon.gov,74.93,116.0
26.0,Memphis,Tennessee,646889.0,0.58,650618.0,822.1,317.4,35.1028N,89.9774W,794.0,2056.0,United States,Shelby,Memphian,337.0,47-48000,nan,"December 19, 1826",315.1,Jim Strickland,1348260.0,UTC−5 (CDT),UTC−6 (CST),nan,9.0,City of Memphis,64.35,
27.0,Oklahoma City,Oklahoma,579999.0,11.90,649021.0,1570.3,606.3,35.4671N,97.5137W,407.0,1053.0,United States,"Oklahoma, Canadian, Cleveland, Pottawatomie",nan,1201.0,40-55000,1102140,"July 15, 1890",601.11,David Holt,1396445.0,UTC−5 (CDT),UTC−6 (CST),Council – Manager,19.23,Oklahoma City official website,,
28.0,Las Vegas,Nevada,583756.0,10.43,644644.0,348.1,134.4,36.2292N,115.2601W,1818.0,4709.0,United States,Clark,Las Vegan,2001.0,32-40000,0847388,"March 16, 1911",135.8,Carolyn Goodman,2227053.0,UTC−7 (PDT),UTC−8 (PST),Council–manager,0.05,lasvegasnevada.gov,67.81,
29.0,Louisville,Kentucky,597337.0,3.81,620118.0,682.5,263.5,38.1654N,85.6474W,903.0,2339.0,United States,Jefferson,Louisvillian,466.0,21-48006,0509453,1828,380.46,Greg Fischer,1293953.0,UTC-4 (EDT),UTC-5 (EST),Mayor–council,17.23,LouisvilleKy.gov,64.65,
30.0,Baltimore,Maryland,620961.0,2.97,602495.0,209.5,80.9,39.3000N,76.6105W,2934.0,7598.0,United States,None (Independent city),Baltimorean,480.0,24-04000,0597040,1796–1797,80.95,Jack Young,2802789.0,UTC−4 (EDT),UTC−5 (EST),Mayor–council,11.1,City of Baltimore,75.24,
31.0,Milwaukee,Wisconsin,594833.0,0.47,592025.0,249.2,96.2,43.0633N,87.9667W,2388.0,6186.0,United States,"Milwaukee, Washington, Waukesha",Milwaukeean,617.0,55-53000,1577901,"January 31, 1846; 173 years ago",96.19,Tom Barrett,1572245.0,UTC−5 (CDT),UTC−6 (CST),Strong mayor-council,0.63,city.milwaukee.gov,70.22,
32.0,Albuquerque,NewMexico,545852.0,2.63,560218.0,487.4,188.2,35.1056N,106.6474W,1147.0,2972.0,United States,Bernalillo,"Albuquerquean,Burqueño",5312.0,35-02000,0928679,1891,187.7,Tim Keller,9159271171991.0,UTC−6 (MDT),UTC−7 (MST),Mayor-council government,1.8,www.cabq.gov,64.20,
33.0,Tucson,Arizona,520116.0,4.97,545975.0,597.8,230.8,32.1531N,110.8706W,888.0,2299.0,United States,Pima,Tucsonan,2389.0,04-77000,43534,"February 7, 1877",236.19,Jonathan Rothschild,1010025.0,,UTC−7 (MST (no DST)),Council-manager government,0.32,www.tucsonaz.gov,67.99,
34.0,Fresno,California,494665.0,7.16,530093.0,296.3,114.4,36.7836N,119.7934W,1762.0,4563.0,United States,Fresno,Fresnan,308.0,06-27000,"277606, 2410546","October 12, 1885",114.42,Lee Brand,972297.0,UTC−07:00 (PDT),UTC−08:00 (Pacific),Mayor-Council,0.28,www.fresno.gov,68.54,
35.0,Mesa,Arizona,439041.0,15.92,508958.0,357.2,137.9,33.4019N,111.7174W,1357.0,3514.0,United States,Maricopa,nan,1240.0,04-46000,nan,nan,137.88,John Giles,4857962.0,,UTC−7 (MST (no DST)),nan,0.75,www.mesaaz.gov,,
36.0,Sacramento,California,466488.0,9.01,508529.0,253.6,97.9,38.5666N,121.4686W,1953.0,5059.0,United States,Sacramento,Sacramentan,30.0,06-64000,"1659564, 2411751","February 27, 1850",97.92,Darrell Steinberg,2149127.0,UTC−7 (PDT),UTC−8 (PST),City Council,2.18,cityofsacramento.org,77.76,
37.0,Atlanta,Georgia,420003.0,18.58,498044.0,345.8,133.5,33.7629N,84.4227W,1366.0,3539.0,United States,"Fulton, DeKalb",Atlantan,7381050.0,13-04000,0351615,nan,133.2,Keisha Lance Bottoms,8376.0,UTC−4 (EDT),UTC−5 (EST),nan,0.8,atlantaga.gov,72.26,
38.0,Kansas City,Missouri,459787.0,6.99,491918.0,815.8,315.0,39.1251N,94.5510W,590.0,1528.0,United States,"Jackson, Clay, Platte, Cass",Kansas Citian,910.0,29000-38000,0748198,"June 1, 1850; March 28, 1853",314.95,Sly James,7952.0,UTC– 05:00 (CDT),UTC– 06:00 (CST),nan,4.08,KCMO.gov,68.81,
39.0,Colorado Springs,Colorado,416427.0,13.51,472688.0,506.6,195.6,38.8673N,104.7607W,918.0,2378.0,United States,El Paso,nan,6035.0,08-16000,0204797,"June 19, 1871",194.74,John Suthers,712327.0,UTC−6 (MDT),UTC−7 (MST),Home rule municipality,0.37,coloradosprings.gov,,
40.0,Miami,Florida,399457.0,17.89,470914.0,93.2,36.0,25.7752N,80.2086W,4865.0,12599.0,United States,Miami-Dade,MiamianMiamense,6.0,12-45000,"277593, 2411786","July 28, 1896",35.99,Francis X. Suarez,6137.0,UTC−4 (EDT),UTC−5 (Eastern (EST)),Mayor–commission,20.08,miamigov.com,80.45,
41.0,Raleigh,NorthCarolina,403892.0,16.19,469298.0,375.8,145.1,35.8306N,78.6418W,1221.0,3163.0,United States,"Wake, Durham",Raleighite,315.0,37-55000,1024242,nan,142.8,Nancy McFarlane,,UTC−04:00 (EDT),UTC−05:00 (EST),Council–Manager,2.0,raleighnc.gov,70.06,
42.0,Omaha,Nebraska,408958.0,14.50,468262.0,345.0,133.2,41.2644N,96.0451W,1296.0,3356.0,United States,Douglas,nan,1090.0,31-37000,0835483,1857,138.21,Jean Stothert,975454.0,UTC−05:00 (CDT),UTC−06:00 (CST),nan,3.6,www.cityofomaha.org,,
43.0,Long Beach,California,462257.0,1.10,467354.0,130.3,50.3,33.8092N,118.1553W,3609.0,9347.0,United States,Los Angeles,nan,52.0,06-43000,"1652747, 2410866","December 13, 1897",50.32,Robert Garcia,13131431.0,UTC−07:00 (PDT),UTC−08:00 (Pacific),Council-manager,1.16,www.longbeach.gov,,
44.0,Virginia Beach,Virginia,437994.0,2.78,450189.0,633.8,244.7,36.7800N,76.0252W,710.0,1850.0,United States,None (Independent city),nan,10.0,51-82000,1500261,1906,244.72,Bobby Dyer,1725246.0,UTC−4 (EDT),UTC−5 (EST),Council-manager,252.78,www.vbgov.com,,
45.0,Oakland,California,390724.0,9.82,429082.0,144.8,55.9,37.7698N,122.2257W,2901.0,7514.0,United States,Alameda,Oaklander,43.0,06-53000,"277566, 2411292","May 4, 1852",55.89,Libby Schaaf,,UTC−07:00 (PDT),UTC−08:00 (Pacific),Strong mayor,21.97,www.oaklandca.gov[16][17][18],84.24,
46.0,Minneapolis,Minnesota,382578.0,11.19,425403.0,139.9,54.0,44.9633N,93.2683W,2960.0,7660.0,United States,Hennepin,Minneapolitan,830.0,27-43000,0655030,1867,54.0,Jacob Frey,3629190.0,UTC–5 (CDT),UTC–6 (CST),Weak mayor–council,3.49,www.minneapolismn.gov,75.33,
47.0,Tulsa,Oklahoma,391906.0,2.24,400669.0,509.7,196.8,36.1279N,95.9023W,791.0,2048.0,United States,"Osage, Rogers, Tulsa, Wagoner",Tulsan,722.0,40-75000,1100962,nan,192.7,G. T. Bynum,991561.0,UTC−5 (CDT),UTC−6 (CST),Mayor-Council,4.2,cityoftulsa.org,63.24,
48.0,Arlington,Texas,365438.0,8.94,398112.0,248.1,95.8,32.7007N,97.1247W,1600.0,4100.0,United States,Tarrant,Arlingtonite,604.0,48-04000,1372320,nan,96.5,Jeff Williams,6810913.0,UTC−5 (CDT),UTC−6 (CST),Council–Manager,3.2,www.arlingtontx.gov,,
49.0,Tampa,Florida,335709.0,17.03,392890.0,293.7,113.4,27.9701N,82.4797W,1284.0,3326.0,United States,Hillsborough,"Tampan, Tampanian, Tampeño",48.0,12-71000,0292005,"January 18, 1849",113.42,Jane Castor,2554.0,UTC−4 (EDT),UTC−5 (EST),Mayor-council,61.8,www.tampagov.net,70.46,
50.0,New Orleans,Louisiana,343829.0,13.72,391006.0,438.7,169.4,30.0534N,89.9345W,892.0,2311.0,United States,,New Orleanian,6.52,22-55000,nan,nan,169.42,LaToya Cantrell,3755.2,UTC−5 (CDT),UTC−6 (CST),Mayor–council,180.43,nola.gov,,
51.0,Wichita,Kansas,382368.0,1.80,389255.0,415.4,160.4,37.6907N,97.3459W,939.0,2431.0,United States,Sedgwick,Wichitan,1302.0,20-79000,473862,1870,159.29,Jeff Longwell,644888.0,UTC−5 (CDT),UTC−6 (CST),Council-Manager,4.3,wichita.gov,,
52.0,Cleveland,Ohio,396815.0,3.28,383793.0,201.2,77.7,41.4785N,81.6794W,1917.0,4965.0,United States,Cuyahoga,Clevelander,653.0,39-16000,1066654,"December 23, 1814",77.7,Frank G. Jackson,2055612.0,UTC−4 (EDT),UTC−5 (EST),Mayor–council,4.77,www.cleveland-oh.gov,70.36,
53.0,Bakersfield,California,347483.0,10.39,383579.0,385.4,148.8,35.3212N,119.0183W,976.0,2529.0,United States of America,Kern,Bakersfieldian,404.0,06-03526,"1652668, 2409774",1873–1876,149.73,Karen K. Goh,8161.42,UTC−7 (PDT),UTC−8 (Pacific),Council-Manager,1.47,www.bakersfieldcity.us,67.35,
54.0,Aurora,Colorado,325078.0,15.08,374114.0,397.6,153.5,39.6880N,104.6897W,910.0,2356.0,United States,Arapahoe County[1]Adams CountyDouglas County,nan,5403.0,08-04000,nan,"1903-05-05, as the Town of Fletcher",153.52,Bob LeGare,2814330.0,UTC−6 (MDT),UTC−7 (MST),Home Rule Municipality,0.67,auroragov.org,,
55.0,Anaheim,California,336265.0,4.68,352005.0,129.5,50.0,33.8555N,117.7601W,2711.0,7021.0,United States,Orange,nan,157.0,06-02000,"1652663, 2409704","March 18, 1876",50.32,Harry Sidhu,,UTC−7 (PDT),UTC−8 (Pacific),nan,0.6,www.anaheim.net,,
56.0,Honolulu,Hawaii,337256.0,3.01,347397.0,156.7,60.5,21.3243N,157.8476W,2245.0,5815.0,United States,Honolulu,Honolulan,19.0,15-17000,366212,"April 30, 1907",60.5,Kirk Caldwell,953207.0,,UTC−10 (Hawaiian (HST)),nan,7.9,www.honolulu.gov,95.67,
57.0,Santa Ana,California,324528.0,2.53,332725.0,70.2,27.1,33.7363N,117.8830W,4762.0,12333.0,United States,Orange,nan,115.0,06-69000,"1652790, 2411814","June 1, 1886",27.15,Miguel A. Pulido,,UTC−7 (PDT),UTC−8 (Pacific),nan,0.25,santa-ana.org,,
58.0,Riverside,California,303871.0,8.62,330063.0,210.3,81.2,33.9381N,117.3932W,1544.0,3999.0,United States,Riverside,nan,827.0,06-62000,"1661315, 2410965","October 11, 1883; 135 years ago",81.23,nan,,UTC−7 (PDT),UTC−8 (Pacific),Council-manager,0.31,riversideca.gov,,
59.0,Corpus Christi,Texas,305215.0,6.99,326554.0,452.2,174.6,27.7543N,97.1734W,720.0,1866.0,United States,"Nueces, Kleberg, San Patricio, Aransas[1]",nan,7.0,48-17000,1333380,nan,174.6,nan,442600.0,UTC−5 (CDT),UTC−6 (CST),Council-manager government|Council-Manager,329.0,www.cctexas.com,,
60.0,Lexington,Kentucky,295803.0,9.46,323780.0,734.5,283.6,38.0407N,84.4583W,434.0,1123.0,United States,Fayette,Lexingtonian,978.0,nan,nan,1831,284.5,Linda Gorton,512650.0,UTC−4 (EDT),UTC−5 (EST),nan,1.0,www.lexingtonky.gov,,
61.0,Stockton,California,291707.0,6.67,311178.0,159.8,61.7,37.9763N,121.3133W,1922.0,4977.0,United States,San Joaquin,nan,13.0,06-75000,"1659872, 2411987","July 23, 1850",61.67,Michael Tubbs,726126.0,UTC−7 (PDT),UTC−8 (Pacific),City Manager-Council,3.08,www.stocktongov.com,,
62.0,Henderson,Nevada,257729.0,20.43,310390.0,271.2,104.7,36.0097N,115.0357W,1080.0,2798.0,United States,Clark,nan,1864.0,32-31900,nan,"April 16, 1953",107.7,Debra March,,UTC−7 (PDT),UTC−8 (PST),Council-manager,0.0,www.cityofhenderson.com,,
63.0,Saint Paul,Minnesota,285068.0,7.94,307695.0,134.7,52.0,44.9489N,93.1041W,2245.0,5815.0,United States,Ramsey,Saint Paulite,795.0,27-58000,nan,"March 4, 1854",51.97,Melvin Carter,3524583.0,UTC−5 (CDT),UTC−6 (CST),nan,4.2,www.stpaul.gov,,
64.0,St. Louis,Missouri,319294.0,5.15,302838.0,160.6,62.0,38.6357N,90.2446W,1939.0,5023.0,United States,,St. Louisan,466.0,nan,nan,1822,61.9,Lyda Krewson,,UTC−5 (CDT),UTC−6 (CST),Mayor–council government,4.1,stlouis-mo.gov,,
65.0,Cincinnati,Ohio,296943.0,1.91,302605.0,200.5,77.4,39.1402N,84.5058W,1490.0,3860.0,United States,Hamilton,Cincinnatian,147.0,39-15000,1066650,"January 1, 1802",201.862,John Cranley,2137406.0,UTC−4 (EDT),UTC−5 (EST),Mayor–council,4.142,cincinnati-oh.gov,63.48,
66.0,Pittsburgh,Pennsylvania,305704.0,1.52,301048.0,143.5,55.4,40.4398N,79.9766W,2116.0,5481.0,United States,Allegheny,"Pittsburgher, Yinzer",,42-61000,1213644,nan,55.38,Bill Peduto,5343.0,UTC−4 (Eastern Daylight Time),UTC−5 (Eastern Standard Time),Mayor-Council,2.97,PittsburghPA.gov,74.79,127.0
67.0,Greensboro,NorthCarolina,269666.0,9.29,294722.0,332.3,128.3,36.0951N,79.8270W,864.0,2237.0,United States,Guilford,nan,897.0,37-28000,1020557,nan,126.5,Nancy B. Vaughan,,UTC−4 (EDT),UTC−5 (EST),City Council,5.3,www.greensboro-nc.gov,,
68.0,Anchorage,Alaska,291826.0,0.10,291538.0,4420.1,1706.6,61.1743N,149.2843W,68.0,175.0,United States,,"Anchoragite
Anchoriginal",102.0,02-03000,nan,"November 23, 1920
January 1, 1964
September 15, 1975",1706.61,Ethan Berkowitz,399148.0,UTC-8 (AKDT),UTC-9 (AKST),nan,256.0,Municipality of Anchorage,,
69.0,Plano,Texas,259841.0,10.86,288061.0,185.7,71.7,33.0508N,96.7479W,1540.0,3990.0,United States,"Collin, Denton",Planoite,666.0,48-58016,nan,1873,71.6,Harry LaRosiliere,7102796.0,UTC−5 (CDT),UTC−6 (CST),Council-Manager,0.1,www.plano.gov,,
70.0,Lincoln,Nebraska,258379.0,11.23,287401.0,238.5,92.1,40.8105N,96.6803W,1175.0,3044.0,United States,Lancaster,Lincolnite,1176.0,31-28000,0837279,"April 1, 1869",92.913,Leirion Gaylor Baird,1422.269,UTC-5 (CDT),UTC-6 (CST),Strong Mayor-Council,1.354,lincoln.ne.gov,,
71.0,Orlando,Florida,238300.0,19.90,285713.0,272.5,105.2,28.4166N,81.2736W,1017.0,2635.0,United States,Orange,Orlandoan,25.0,12-53000,0288240,"July 31, 1875",272.512,Buddy Dyer,2387138.0,UTC−4 (EDT),UTC−5 (Eastern (EST)),Mayor–Commission,22.102,http://www.cityoforlando.net,69.38,
72.0,Irvine,California,212375.0,33.05,282572.0,169.9,65.6,33.6784N,117.7713W,1566.0,4057.0,United States,Orange,Irvinite,56.0,06-36770,"1660804, 2410116","December 28, 1971",65.58,Christina L. Shea,,UTC−7 (PDT),UTC−8 (Pacific),Council-Manager,0.34,cityofirvine.org,,
73.0,Newark,NewJersey,277140.0,1.79,282090.0,62.4,24.1,40.7242N,74.1726W,4514.0,11691.0,United States,Essex,Newarker,13.0,3401351000,0885317,"October 31, 1693",24.187,Ras Baraka,,UTC−4 (Eastern (EDT)),UTC−5 (Eastern (EST)),Faulkner Act,1.92,newarknj.gov,,
74.0,Toledo,Ohio,287208.0,4.26,274975.0,209.0,80.7,41.6641N,83.5819W,1332.0,3451.0,United States,Lucas,Toledoan,614.0,39-77000,1067015,nan,80.69,Wade Kapszukiewicz,608145.0,UTC−4 (EDT),UTC−5 (EST),nan,3.43,www.toledo.oh.gov,,
75.0,Durham,NorthCarolina,228330.0,20.13,274291.0,284.4,109.8,35.9811N,78.9029W,925.0,2395.0,United States,"Durham, Wake",Durhamite,404.0,37-19000,1020059,"April 10, 1869",107.4,Steve Schewel,542710.0,UTC−4 (EDT),UTC−5 (EST),Council-Manager,0.9,durhamnc.gov,,
76.0,Chula Vista,California,243916.0,11.37,271651.0,128.5,49.6,32.6277N,117.0152W,2080.0,5387.0,United States,San Diego,nan,66.0,06-13392,"1660481, 2409461","November 28, 1911",49.63,nan,5105768.0,UTC-7 (PDT),UTC-8 (PST),Council-Manager,2.46,www.chulavistaca.gov,,
77.0,Fort Wayne,Indiana,253691.0,5.50,267633.0,286.5,110.6,41.0882N,85.1439W,923.0,2391.0,United States,Allen,nan,810.0,18-25000,0434689,"January 3, 1829",110.63,Tom Henry,1368.0,UTC−04:00 (EDT),UTC−05:00 (EST),Mayor–council,0.21,www.cityoffortwayne.org,,
78.0,Jersey City,NewJersey,247597.0,7.25,265549.0,38.3,14.8,40.7114N,74.0648W,6891.0,17848.0,United States,Hudson,nan,20.0,3401736000,0885264,"February 22, 1838",14.794,Steven Fulop,,UTC−4 (Eastern (EDT)),UTC−5 (EST),Faulkner Act,6.286,www.jerseycitynj.gov,,
79.0,St. Petersburg,Florida,244769.0,8.31,265098.0,160.1,61.8,27.7620N,82.6441W,1631.0,4223.0,United States,Pinellas,"St. Petersburger, St. Peteian, Burgian, Saint Petersburgite",44.0,12-63000,290375,"February 29, 1892",61.75,Rick Kriseman,2870569.0,UTC−4 (EDT),UTC−5 (Eastern (EST)),Strong Mayor-Commission,75.89,www.stpete.org,,
80.0,Laredo,Texas,236091.0,10.82,261639.0,261.8,101.1,27.5604N,99.4892W,982.0,2544.0,United States,Webb,Laredoan,438.0,48-41464,1339633,nan,101.1,Pete Saenz,161.76,UTC−5 (CST),UTC−6 (CST),Council-manager,1.5,laredotexas.gov,,
81.0,Madison,Wisconsin,233209.0,10.65,258054.0,199.4,77.0,43.0878N,89.4299W,1270.0,3280.0,United States,Dane,Madisonian,873.0,55-48000,nan,1856,78.95,Satya Rhodes-Conway,654230.0,UTC−5 (CDT),UTC−6 (Central),nan,21.96,cityofmadison.com,63.48,
82.0,Chandler,Arizona,236123.0,8.91,257165.0,168.1,64.9,33.2829N,111.8549W,1472.0,3813.0,United States,Maricopa,Chandlerite,1214.0,04-12000,nan,1920,64.94,Kevin Hartke,,,UTC−7 (MST (no DST)),Council-Manager,0.1,www.chandleraz.gov,,
83.0,Buffalo,NewYork,261310.0,1.92,256304.0,104.6,40.4,42.8925N,78.8597W,2455.0,6359.0,United States,Erie,Buffalonian,600.0,36-11000,0973345,1832,40.6,Byron Brown,1134210.0,UTC−04:00 (EDT),UTC−05:00 (EST),nan,11.9,www.city-buffalo.com,71.07,
84.0,Lubbock,Texas,229573.0,11.46,255885.0,322.7,124.6,33.5656N,101.8867W,783.0,2027.0,United States,Lubbock,Lubbockite,3202.0,48-45000,1374760,"March 16, 1909",122.41,Dan Pope,314840.0,UTC−5 (CDT),UTC−6 (CST),Council-manager,1.14,www.ci.lubbock.tx.us,,
85.0,Scottsdale,Arizona,217385.0,17.45,255310.0,476.3,183.9,33.6843N,111.8611W,518.0,1341.0,United States,Maricopa,nan,1257.0,04-65000,11029,1951,183.94,Jim Lane,,,UTC−7 (MST (no DST)),Council-Manager,0.47,www.scottsdaleaz.gov,,
86.0,Reno,Nevada,225221.0,11.45,250998.0,277.9,107.3,39.5491N,119.8499W,883.0,2286.0,United States,Washoe,Renoites,4505.6,32-60600,0861100,"March 16, 1903",103.0,Hillary Schieve,425417.0,UTC−7 (PDT),UTC−8 (Pacific (PST)),Council-manager,2.9,reno.gov,61.46,
87.0,Glendale,Arizona,226721.0,10.58,250702.0,153.1,59.1,33.5331N,112.1899W,1607.0,4161.0,United States,Maricopa,Glendalian,1152.0,04-27820,nan,nan,59.36,Jerry Weiers,,,UTC-7 (MST (no DST)),nan,0.39,www.glendaleaz.com,,
88.0,Gilbert,Arizona,208453.0,19.11,248279.0,176.1,68.0,33.3103N,111.7431W,1346.0,3487.0,United States,Maricopa,nan,1237.0,04-27400,nan,nan,68.0,Jenn Daniels,4737270.0,,UTC-7 (MST (no DST)),nan,0.2,www.gilbertaz.gov,,
89.0,Winston–Salem,NorthCarolina,229617.0,7.28,246328.0,343.2,132.5,36.1027N,80.2610W,706.0,1828.0,United States,Forsyth,Winston-Salemite,970.0,nan,nan,nan,132.4,Allen Joines,,UTC−4 (EDT),UTC−5 (Eastern),nan,1.2,www.cityofws.org,,
90.0,North Las Vegas,Nevada,216961.0,13.36,245949.0,253.8,98.0,36.2857N,115.0939W,941.0,2436.0,United States,Clark,nan,2205.0,32-51800,0847435,"May 1, 1946",101.4,John Lee,,UTC-7 (PDT),UTC-8 (PST),Council-Manager,0.04,www.cityofnorthlasvegas.com,,
91.0,Norfolk,Virginia,242803.0,0.52,244076.0,138.0,53.3,36.9230N,76.2446W,1776.0,4599.0,United States,,nan,7.0,51-57000,1497051,1736,53.28,Kenny Alexander,1672319.0,UTC−4 (EDT),UTC−5 (EST),nan,43.13,www.norfolk.gov,,
92.0,Chesapeake,Virginia,222209.0,9.19,242634.0,876.7,338.5,36.6794N,76.3018W,271.0,703.0,United States,None (Independent city),nan,,51-16000,1496841,nan,338.51,"Dr. Richard W. ""Rick"" West",1672319.0,UTC−4 (EDT),UTC−5 (EST),Council-Manager,12.44,www.cityofchesapeake.net,,
93.0,Garland,Texas,226876.0,6.89,242507.0,147.6,57.0,32.9098N,96.6303W,1592.0,4122.0,United States,Dallas,nan,551.0,48-29000,1388185,1891,57.1,nan,,UTC-5 (CDT),UTC-6 (CST),Council-Manager,0.0,garlandtx.gov,,
94.0,Irving,Texas,216290.0,12.00,242242.0,173.5,67.0,32.8577N,96.9700W,1373.0,3557.0,United States,Dallas,nan,482.0,48-37000,1338507,"April 14, 1914",67.9,nan,6810913.0,UTC-5 (CDT),UTC-6 (CST),Council-Manager,0.4,cityofirving.org,,
95.0,Hialeah,Florida,224669.0,6.35,238942.0,55.7,21.5,25.8699N,80.3029W,4245.0,10995.0,United States,Miami-Dade,nan,7.0,12-30000,0305059,nan,21.48,Carlos Hernández,5828191.0,UTC−4 (EDT),UTC−5 (EST),Council-Mayor,1.34,www.hialeahfl.gov,,
96.0,Fremont,California,214089.0,11.08,237807.0,200.7,77.5,37.4945N,121.9412W,1161.0,3008.0,United States,Alameda,nan,56.0,06-26000,"277521, 2410545","January 23, 1956",77.47,nan,,UTC−7 (PDT),UTC−8 (Pacific),Council–manager,10.15,www.fremont.gov,,
97.0,Boise,Idaho,205671.0,11.24,228790.0,212.6,82.1,43.6002N,116.2317W,1049.0,2718.0,United States,Ada,Boisean,2730.0,16-08830,400590,1864,82.09,Dave Bieter,709845.0,UTC−6 (MDT),UTC−7 (MST),Strong-mayor,0.71,www.cityofboise.org,58.85,
98.0,Richmond,Virginia,204214.0,12.03,228783.0,154.9,59.8,37.5314N,77.4760W,1441.0,3732.0,United States,None (independent city),Richmonder,166.45,51-76000,1499957,nan,59.91,Levar Stoney,1263617.0,UTC-4 (EDT),UTC-5 (EST),nan,2.66,www.ci.richmond.va.us,65.52,
99.0,Baton Rouge,Louisiana,229493.0,3.44,221599.0,222.5,85.9,30.4422N,91.1309W,1024.0,2651.0,United States,,Baton Rougean,56.0,22-05000,nan,"January 16, 1817",85.93,nan,830480.0,UTC−5 (CDT),UTC−6 (CST),nan,2.19,www.brgov.com,,
100.0,Spokane,Washington,208916.0,4.92,219190.0,177.9,68.7,47.6669N,117.4333W,1214.0,3144.0,United States,Spokane,Spokanite,1843.0,nan,1512683,"November 29, 1881",68.77,David Condon,564236.0,UTC−7 (PDT),UTC−8 (PST),Mayor-Council,0.74,www.spokanecity.org,,
101.0,Des Moines,Iowa,203433.0,6.60,216853.0,230.2,88.9,41.5726N,93.6102W,936.0,2424.0,United States,"Polk, Warren",nan,955.0,19-21000,0465961,"September 22, 1851",88.92,Frank Cownie,645911.0,UTC-5 (CDT),UTC-6 (CST),Council–manager government,1.73,www.dmgov.org,,
102.0,Tacoma,Washington,198397.0,9.01,216279.0,128.7,49.7,47.2522N,122.4598W,1641.0,4251.0,United States,Pierce,Tacoman,243.0,53-70000,1512713,"November 12, 1875",49.72,Victoria Woodards  since 2018,3939363.0,UTC−7 (PDT),UTC−8 (PST),Council-manager,12.7,www.cityoftacoma.org,,
103.0,San Bernardino,California,209924.0,2.87,215941.0,159.3,61.5,34.1416N,117.2936W,1358.0,3516.0,United States,San Bernardino,nan,1053.0,06-65000,"1661375, 2411777","August 10, 1869",61.52,John Valdivia,4224851.0,UTC−7 (PDT),UTC−8 (Pacific),Council-manager,0.43,sbcity.org,,
104.0,Modesto,California,201165.0,6.89,215030.0,111.4,43.0,37.6375N,121.0030W,1905.0,4934.0,United States,Stanislaus,nan,89.0,06-48354,nan,"August 6, 1884",42.97,Ted Brandvold,1515.0,UTC−7 (PDT),UTC−8 (Pacific),Council-manager,1.84,www.modestogov.com,,
105.0,Fontana,California,196069.0,9.01,213739.0,111.4,43.0,34.1090N,117.4629W,1883.0,4876.0,United States,San Bernardino,nan,1237.0,06-24680,nan,"June 25, 1952",43.02,nan,,UTC-7 (PDT),UTC-8 (PST),Council-Manager,0.0,fontana.org,,
106.0,Santa Clarita,California,176320.0,19.15,210089.0,136.8,52.8,34.4030N,118.5042W,1331.0,3446.0,United States,Los Angeles,Santa Claritan,1207.0,06-69088,"1662338, 2411819","December 15, 1987",52.76,Marsha McLean,13155788.0,UTC−07:00 (PDT),UTC−08:00 (Pacific),Council-Manager,0.05,www.santa-clarita.com,,
107.0,Birmingham,Alabama,212237.0,1.11,209880.0,378.4,146.1,33.5274N,86.7990W,561.0,1452.0,United States,"Jefferson, Shelby",Birminghamian,644.0,01-07000,015817,"December 19, 1871",146.02,Randall Woodfin,1151801.0,UTC−5 (CDT),UTC−6 (CST),Mayor–council,2.55,Official website,,
108.0,Oxnard,California,197899.0,6.05,209877.0,69.7,26.9,34.2023N,119.2046W,2984.0,7729.0,United States,Ventura,nan,52.0,06-54652,"1652766, 2411347","June 30, 1903",26.9,nan,,UTC−7 (PDT),UTC−8 (Pacific),Council–manager,12.31,www.oxnard.org,,
109.0,Fayetteville,NorthCarolina,200564.0,4.44,209468.0,382.5,147.7,35.0828N,78.9735W,535.0,1386.0,United States,Cumberland,nan,263.0,37-22920,1020226,nan,145.9,Mitch Colvin,386662.0,UTC−4 (EDT),UTC−5 (Eastern (EST)),Council-Manager,1.9,Official website,,
110.0,Moreno Valley,California,193365.0,8.11,209050.0,132.9,51.3,33.9233N,117.2057W,1547.0,4006.0,United States of America,Riverside,nan,1631.0,06-49270,"1668251, 2411159","December 3, 1984",51.27,nan,,UTC−7 (PDT),UTC−8 (Pacific),Council-Manager,0.2,www.moreno-valley.ca.us,,
111.0,Rochester,NewYork,210565.0,2.03,206284.0,92.7,35.8,43.1699N,77.6169W,2253.0,5835.0,United States,Monroe,Rochesterian,505.0,36-63000,0962684,"March 21, 1817",35.78,Lovely Warren,1082284.0,UTC−4 (EDT),UTC−5 (EST),Mayor-Council,1.36,www.cityofrochester.gov,75.01,
112.0,Glendale,California,191719.0,5.03,201361.0,78.7,30.4,34.1814N,118.2458W,2551.0,6606.0,United States,Los Angeles,nan,522.0,06-30000,"1660679, 2410597","February 15, 1906",30.43,nan,,UTC−7 (PDT),UTC−8 (Pacific),Council-Manager,0.13,glendaleca.gov,,
113.0,Huntington Beach,California,189992.0,5.60,200641.0,69.7,26.9,33.6906N,118.0093W,2880.0,7459.0,United States,Orange,nan,39.0,06-36000,"1652724, 2410811","February 17, 1909",26.94,nan,,UTC−7 (PDT),UTC−8 (Pacific),City Council/City Manager,5.19,huntingtonbeachca.gov,,
114.0,Salt Lake City,Utah,186440.0,7.59,200591.0,288.0,111.2,40.7769N,111.9310W,673.0,1742.0,United States,Salt Lake,Salt Laker,4226.0,49-67000,1454997,nan,109.1,Jackie Biskupski,1203978.0,UTC−6,UTC−7 (Mountain),Mayor-council,1.3,Salt Lake City Government,63.38,
115.0,Grand Rapids,Michigan,188040.0,6.48,200217.0,115.0,44.4,42.9612N,85.6556W,1708.0,4424.0,United States,Kent,Grand Rapidian,640.0,26-34000,0627105,nan,44.43,Rosalynn Bliss,1038583.0,UTC-4 (EDT),UTC-5 (EST),City Commission-Manager,0.88,www.grcity.us,,
116.0,Amarillo,Texas,190695.0,4.84,199924.0,262.6,101.4,35.1999N,101.8302W,760.0,1968.0,United States,PotterRandall,Amarilloan,3605.0,48-03000,1351066,nan,89.8,Ginger Nelson,309233.0,UTC−5 (CDT),UTC−6 (CST),Council-Manager,0.5,www.amarillo.gov,,
117.0,Yonkers,NewYork,195976.0,1.88,199663.0,46.6,18.0,40.9459N,73.8674W,4307.0,11156.0,United States,Westchester,YonkersonianYonkersite,82.0,36-84000,0971828,1872,18.01,Mike Spano,,UTC-4 (EDT),UTC-5 (EST),Mayor-Council,2.28,www.yonkersny.gov,,
118.0,Aurora,Illinois,197899.0,0.86,199602.0,116.3,44.9,41.7635N,88.2901W,1729.0,4479.0,United States,"DuPage, Kane, Kendall, Will",Auroran,718.0,17-03012,nan,1845,44.89,Richard Irvin,,UTC−5 (CDT),UTC−6 (CST),Mayor–council,0.88,www.aurora-il.org,,
119.0,Montgomery,Alabama,205764.0,3.67,198218.0,413.9,159.8,32.3472N,86.2661W,483.0,1252.0,United States,Montgomery,nan,240.0,01-51000,0165344,"December 3, 1819",159.79,Todd Strange,373903.0,UTC−5 (CDT),UTC−6 (CST),Mayor–Council,2.39,montgomeryal.gov,,
120.0,Akron,Ohio,199110.0,0.55,198006.0,160.6,62.0,41.0805N,81.5214W,1231.0,3188.0,United States,Summit,Akronite,1004.0,39-01000,1064305,1836,62.03,Dan Horrigan,705686.0,UTC-4 (EDT),UTC-5 (Eastern (EST)),Strong Mayor–council,0.34,akronohio.gov,,
121.0,Little Rock,Arkansas,193524.0,2.25,197881.0,307.4,118.7,34.7254N,92.3586W,646.0,1673.0,United States,Pulaski,Little Rocker,335.0,05-41000,0083350,"November 7, 1831",119.22,Frank Scott Jr.,4090.34,UTC-5 (CDT),UTC-6 (CST),Council-manager,2.8,www.littlerock.gov,60.71,
122.0,Huntsville,Alabama,180105.0,9.56,197318.0,552.7,213.4,34.6990N,86.6730W,349.0,905.0,United States,"Madison, Limestone, Morgan[1]",Huntsvillian,600.0,01-37000,0151827,"December 9, 1811",213.36,Tommy Battle,455458.0,UTC−5 (CDT),UTC−6 (CST),Mayor–Council,1.34,www.huntsvilleal.gov,,
123.0,Augusta,Georgia,195844.0,0.56,196939.0,783.5,302.5,33.3655N,82.0734W,252.0,652.0,United States,Richmond,nan,136.0,nan,nan,nan,302.1,Hardie Davis,600151.0,UTC-4 (EDT),UTC-5 (EST),nan,4.3,AugustaGA.gov,,
124.0,Port St. Lucie,Florida,164603.0,18.62,195248.0,307.9,118.9,27.2806N,80.3883W,601.0,1557.0,United States,St. Lucie,nan,16.0,12-58715,0308089,1961,118.89,Greg Oravec,438095.0,UTC−4 (EDT),UTC−5 (Eastern (EST)),nan,1.62,www.cityofpsl.com,,
125.0,Grand Prairie,Texas,175396.0,10.96,194614.0,187.3,72.3,32.6869N,97.0211W,1018.0,2637.0,United States,"Dallas, Tarrant, Ellis",Grand Prairian,515.0,48-30464,1336802,nan,72.105,nan,6810913.0,UTC-5 (CDT),UTC-6 (CST),Council-Manager,8.986,www.gptx.org,,
126.0,Columbus,Georgia,189885.0,2.25,194160.0,560.5,216.4,32.5102N,84.8749W,353.0,913.0,United States,Muscogee,nan,243.0,13-19007,0331158,nan,216.1,"B. H. ""Skip"" Henderson III",,UTC−4 (EDT),UTC−5 (EST),nan,4.7,City of Columbus,65.79,
127.0,Tallahassee,Florida,181376.0,6.71,193551.0,260.0,100.4,30.4551N,84.2534W,734.0,1901.0,United States,Leon,nan,203.0,12-70600,0308416,nan,100.42,John Dailey,385145.0,UTC−4 (EDT),UTC−5 (Eastern (EST)),Commission–Manager,3.21,www.talgov.com,,
128.0,Overland Park,Kansas,173372.0,11.05,192536.0,194.5,75.1,38.8890N,94.6906W,971.0,2516.0,United States,Johnson,nan,1086.0,20-53775,0479210,1960,74.84,Carl R. Gerlach,,UTC-5 (CDT),UTC-6 (CST),nan,0.53,opkansas.org,,
129.0,Tempe,Arizona,161719.0,18.95,192364.0,103.6,40.0,33.3884N,111.9318W,1761.0,4562.0,United States,Maricopa,nan,11401495.0,04-73000,nan,"October 15, 1892",39.97,Mark Mitchell,4574531.0,,UTC−7 (MST (no DST)),nan,0.26,www.tempe.gov,,
130.0,McKinney,Texas,131117.0,46.16,191645.0,163.2,63.0,33.1985N,96.6680W,1056.0,2735.0,United States,Collin,McKinnian,630.0,48-45744,1341241,1848,62.2,George Fuller,,UTC−5 (CDT),UTC−6 (CST),council-manager,0.7,www.mckinneytexas.org,,
131.0,Mobile,Alabama,195111.0,2.84,189572.0,361.0,139.4,30.6684N,88.1002W,534.0,1384.0,United States,Mobile,Mobilian,10.0,01-50000,0155153,"January 20, 1814",139.4,Sandy Stimpson,1644.0,UTC−5 (CDT),UTC−6 (CST),Mayor–council,40.66,City of Mobile,,
132.0,Cape Coral,Florida,154305.0,22.71,189343.0,273.5,105.6,26.6432N,81.9974W,658.0,1703.0,United States,Lee,nan,5.0,12-10275,0279997,1970,105.77,Joe Coviello,645899.0,UTC−04:00 (EDT),UTC−05:00 (EST),Council-Manager,13.42,www.capecoral.net,,
133.0,Shreveport,Louisiana,199311.0,5.18,188987.0,277.4,107.1,32.4669N,93.7922W,700.0,1820.0,United States,,Shreveporter,154253.0,22-70000,nan,"March 20, 1839",107.14,Adrian Perkins,2698.0,UTC−5 (CDT),UTC−6 (CST),nan,15.21,shreveportla.gov,,
134.0,Frisco,Texas,116989.0,60.84,188170.0,175.3,67.7,33.1554N,96.8226W,933.0,2417.0,United States,"Collin, Denton",nan,774.0,48-27684,1336263,nan,61.8,nan,,UTC-5 (CDT),UTC-6 (CST),Council-manager,0.6,www.friscotexas.gov,,
135.0,Knoxville,Tennessee,178874.0,4.82,187500.0,255.1,98.5,35.9707N,83.9493W,730.0,1891.0,United States,Knox,Knoxvillian,886.0,47-40000,1648562,1815,98.5,Madeline Rogero,868546.0,UTC−4 (EDT),UTC−5 (EST),Mayor–council,5.6,www.knoxvilletn.gov,64.06,
136.0,Worcester,Massachusetts,181045.0,2.67,185877.0,96.9,37.4,42.2695N,71.8078W,1905.0,4933.0,United States,Worcester,nan,480.0,25-82000,0617867,"June 14, 1722",37.6,Joseph Petty,923672.0,UTC-4 (Eastern),UTC-5 (Eastern),Council-manager,1.0,www.worcesterma.gov,,
137.0,Brownsville,Texas,175023.0,4.78,183392.0,343.2,132.5,25.9991N,97.4550W,536.0,1387.0,United States,Cameron,Brownsvillian,33.0,48-10768,1372749,"February 7, 1853",81.528,Vacant,370.58,UTC-5 (CDT),UTC-6 (CST),Council-Manager,3.339,www.cob.us,,
138.0,Vancouver,Washington,161791.0,13.12,183012.0,121.5,46.9,45.6349N,122.5957W,1439.0,3728.0,United States,Clark,nan,171.0,53-74060,1531916,1857,48.69,Anne McEnerny-Ogle,2389228.0,UTC−7 (PDT),UTC−8 (Pacific),Council/Manager,3.7,City of Vancouver,,
139.0,Fort Lauderdale,Florida,165521.0,10.32,182595.0,89.6,34.6,26.1412N,80.1467W,1995.0,5166.0,United States,Broward,nan,9.0,12-24000,0282693,nan,34.62,Dean Trantalis,5762717.0,UTC−4 (EDT),UTC−5 (Eastern (EST)),Commission-Manager,1.69,www.fortlauderdale.gov,,
140.0,Sioux Falls,SouthDakota,153888.0,18.19,181883.0,195.3,75.4,43.5383N,96.7320W,893.0,2312.0,United States,"Minnehaha, Lincoln",nan,1470.0,46-59020,1267670,nan,72.96,Paul Ten Haken,265653.0,UTC−5 (Central),UTC−6 (Central),nan,0.51,www.siouxfalls.org,,
141.0,Ontario,California,163924.0,10.48,181107.0,129.2,49.9,34.0394N,117.6042W,1340.0,3471.0,United States,San Bernardino,nan,1004.0,06-53896,"1652764, 2411323","December 10, 1891",49.93,nan,,UTC−7 (PDT),UTC−8 (Pacific),City Council / City Manager,0.06,www.ontarioca.gov,,
142.0,Chattanooga,Tennessee,167674.0,7.68,180557.0,370.6,143.1,35.0660N,85.2484W,479.0,1241.0,United States,Hamilton,Chattanoogan,676.0,47-14000,1307240,1839,137.1,Andy Berke,547776.0,UTC-4 (EDT),UTC-5 (EST),Mayor-council,7.4,www.chattanooga.gov,,
143.0,Providence,RhodeIsland,178042.0,0.73,179335.0,47.7,18.4,41.8231N,71.4188W,3760.0,9740.0,United States,Providence,nan,23.0,44-59000,1219851,June 1636,482.0,Jorge Elorza,1604291.0,UTC−4 (EDT),UTC−5 (Eastern Time Zone),Mayor-Council,62.0,www.providenceri.com,,
144.0,Newport News,Virginia,180719.0,1.16,178626.0,179.0,69.1,37.0762N,76.5220W,1016.0,2631.0,United States,,nan,15.0,51-56000,1497043,1896,69.12,McKinley L. Price,1672319.0,UTC−4 (EDT),UTC−5 (EST),nan,50.55,www.nnva.gov,,
145.0,Rancho Cucamonga,California,165269.0,7.55,177751.0,103.6,40.0,34.1233N,117.5642W,1704.0,4413.0,United States,San Bernardino,nan,1207.0,06-59451,1667908,"November 30, 1977",39.99,nan,,UTC−7 (PDT),UTC−8 (PST),Council-Manager,0.01,www.cityofrc.us,,
146.0,Santa Rosa,California,167815.0,5.82,177586.0,107.0,41.3,38.4468N,122.7061W,1637.0,4241.0,United States,Sonoma,nan,164.0,06-70098,"249105, 1659601","March 26, 1868",41.29,Tom Schwedhelm,,UTC−7 (PDT),UTC−8 (Pacific),Council-Manager,0.2,ci.santa-rosa.ca.us,,
147.0,Oceanside,California,167086.0,5.38,176080.0,107.0,41.3,33.2245N,117.3062W,1641.0,4249.0,United States of America,San Diego,OceansiderO’sider,66.0,06-53322,"1652761, 2411301","July 3, 1888",41.25,nan,,UTC−7 (PDT),UTC−8 (Pacific),Council-manager,0.92,www.ci.oceanside.ca.us,,
148.0,Salem,Oregon,154637.0,12.16,173442.0,125.9,48.6,44.9237N,123.0232W,1330.0,3445.0,United States,"Marion, Polk",Salemite,154.0,41-64900,1167861,nan,47.9,Chuck Bennett,400408.0,UTC−7 (PDT),UTC−8 (PST),City Council – City Manager,0.55,cityofsalem.net,,
149.0,Elk Grove,California,153015.0,12.99,172886.0,109.3,42.2,38.4146N,121.3850W,1553.0,4022.0,United States,Sacramento,nan,46.0,06-22020,"277506, 2410425","July 1, 2000",42.2,Steve Ly,,UTC-7 (PDT),UTC-8 (Pacific),Council/Manager,0.05,elkgrovecity.org,,
150.0,Garden Grove,California,170883.0,1.03,172646.0,46.6,18.0,33.7788N,117.9605W,3751.0,9714.0,United States of America,Orange,nan,89.0,06-29000,"1660662, 2410568","June 18, 1956",17.96,Steven R. Jones,,UTC-7 (PDT),UTC-8 (Pacific),Council-manager,0.02,www.ggcity.org,,
151.0,Pembroke Pines,Florida,154019.0,11.92,172374.0,85.5,33.0,26.0210N,80.3404W,1973.0,5109.0,United States,Broward,nan,7.0,12-55775,0288686,"March 2, 1959",33.03,Frank C. Ortis,,UTC−4 (EDT),UTC−5 (Eastern (EST)),Commission-Manager,1.94,City of Pembroke Pines,,
152.0,Peoria,Arizona,154065.0,11.81,172259.0,455.1,175.7,33.7862N,112.3080W,361.0,934.0,United States,"Maricopa, Yavapai",nan,1142.0,04-54050,9318,nan,175.68,Cathy Carlat,4574531.0,,UTC−7 (MST (no DST)),nan,3.42,http://www.peoriaaz.gov/,,
153.0,Eugene,Oregon,156185.0,9.64,171245.0,114.2,44.1,44.0567N,123.1162W,1458.0,3777.0,United States,Lane,Eugenean,430.0,41-23850,1120527,"October 17, 1862",43.72,Lucy Vinis,,UTC-7 (PDT),UTC-8 (PST),Council-manager,0.02,www.eugene-or.gov,,
154.0,Corona,California,152374.0,10.79,168819.0,102.3,39.5,33.8620N,117.5655W,1630.0,4222.0,United States,Riverside,nan,679.0,06-16350,"1652691, 2410232","July 13, 1896",39.47,Jason Scott,4224851.0,UTC-7 (PDT),UTC-8 (Pacific),Council-manager,0.08,www.discovercorona.com,,
155.0,Cary,NorthCarolina,135234.0,24.35,168160.0,146.3,56.5,35.7809N,78.8133W,1109.0,2873.0,United States,"Chatham, Wake",Caryite,495.0,37-10740,1019552,"April 3, 1871",58.33,Harold Weinbrecht,,UTC-4 (EDT),UTC-5 (EST),nan,1.09,www.townofcary.org,,
156.0,Springfield,Missouri,159498.0,5.41,168122.0,213.2,82.3,37.1942N,93.2913W,785.0,2033.0,United States,"Greene, Christian",nan,1299.0,29-70000,0735864,1838,81.72,Ken McClure,3021.0,UTC−5 (CDT),UTC−6 (CST),Council-manager,0.59,www.springfieldmo.gov,,
157.0,Fort Collins,Colorado,143986.0,16.56,167830.0,144.5,55.8,40.5482N,105.0648W,1136.0,2943.0,United States,Larimer,nan,5003.0,08-27425,0204673,"February 12, 1883",55.82,Wade Troxell,,UTC−6 (MDT),UTC−7 (MST),Home Rule Municipality,1.23,fcgov.com,,
158.0,Jackson,Mississippi,173514.0,5.24,164422.0,287.5,111.0,32.3158N,90.2128W,588.0,1524.0,United States,"Hinds, Madison, Rankin",Jacksonian,279.0,28-36000,0711543,1821,111.07,Chokwe Antar Lumumba,576382.0,UTC−5 (CDT),UTC−6 (CST),Mayor–Council,2.17,www.jacksonms.gov,,
159.0,Alexandria,Virginia,139966.0,14.69,160530.0,38.8,15.0,38.8201N,77.0841W,4010.0,10387.0,United States,Independent city,Alexandrian,39.0,51-01000,1492456,1779,14.93,Justin Wilson,,UTC-4 (EDT),UTC-5 (EST),Council-manager,0.41,www.alexandriava.gov,,
160.0,Hayward,California,144186.0,10.70,159620.0,117.8,45.5,37.6287N,122.1024W,1349.0,3493.0,United States,Alameda,nan,105.0,06-33000,"277607, 2410724","March 11, 1876",45.54,Barbara Halliday,7468390.0,UTC−7 (PDT),UTC−8 (Pacific),Council-Manager,18.29,www.hayward-ca.gov,,
161.0,Lancaster,California,156633.0,1.55,159053.0,244.2,94.3,34.6936N,118.1753W,656.0,1698.0,United States,Los Angeles,nan,2359.0,06-40130,"1652741, 2411620","November 22, 1977",94.3,R. Rex Parris,,UTC-7 (PDT),UTC-8 (Pacific),Council-manager,0.26,www.cityoflancasterca.org,,
162.0,Lakewood,Colorado,142980.0,9.66,156798.0,111.1,42.9,39.6989N,105.1176W,1390.0,3599.0,United States,Jefferson County[1],nan,5518.0,08-43000,0181620,1969,42.87,Adam Paul,2814330.0,UTC-6 (MDT),UTC-7 (MST),Home Rule Municipality,1.18,City of Lakewood,,
163.0,Clarksville,Tennessee,132929.0,17.95,156794.0,254.6,98.3,36.5664N,87.3452W,590.0,1529.0,United States,Montgomery,nan,476.0,47-15160,1269467,1807,94.9,Joe Pitts,,UTC−5 (CDT),UTC−6 (CST),nan,0.7,cityofclarksville.com,,
164.0,Palmdale,California,152750.0,2.56,156667.0,274.5,106.0,34.5910N,118.1054W,573.0,1484.0,United States,Los Angeles,Palmdalite,2657.0,06-55156,"1652769, 2411359","August 24, 1962",105.97,nan,12828837.0,UTC−7 (PDT),UTC−8 (Pacific Time Zone),Council-manager,0.24,www.cityofpalmdale.org,,
165.0,Salinas,California,150441.0,3.87,156259.0,61.1,23.6,36.6902N,121.6337W,2572.0,6662.0,United States,Monterey,nan,52.0,06-64224,"277589, 2411768","March 4, 1874",23.61,Joe Gunter,,UTC−7 (PDT),UTC−8 (Pacific),Council-Manager,0.04,www.cityofsalinas.org,,
166.0,Springfield,Massachusetts,153060.0,1.29,155032.0,82.6,31.9,42.1155N,72.5400W,1860.0,4830.0,United States,Hampden,Springfieldian,70.0,25-67000,0609092,"May 25, 1852",31.9,Domenic Sarno,692942.0,UTC−4 (Eastern),UTC−5 (Eastern),Mayor-council city,1.2,www.springfield-ma.gov,,
167.0,Hollywood,Florida,140768.0,9.98,154823.0,70.7,27.3,26.0310N,80.1646W,2150.0,5568.0,United States,Broward,nan,9.0,12-32000,0284176,"November 28, 1925",27.27,Josh Levy,,UTC−4 (EDT),UTC−5 (EST),Commission-manager,3.45,www.HollywoodFL.org,,
168.0,Pasadena,Texas,149043.0,2.80,153219.0,112.7,43.5,29.6586N,95.1506W,1361.0,3525.0,United States,Harris,nan,30.0,48-56000,1343631,"December 22, 1923 and December 26, 1928",44.2,Jeff Wagner,5628101.0,UTC−5 (CDT),UTC−6 (CST),Mayor-Council,0.4,ci.pasadena.tx.us,,
169.0,Sunnyvale,California,140081.0,9.35,153185.0,57.0,22.0,37.3858N,122.0263W,2681.0,6944.0,United States,Santa Clara,nan,125.0,06-77000,"1656344, 2412009","December 24, 1912",21.98,Larry Klein,,UTC−7 (PDT),UTC−8 (PST),Council-manager,0.7,sunnyvale.ca.gov,,
170.0,Macon,Georgia,91351.0,67.59,153095.0,645.7,249.3,32.8088N,83.6942W,236.0,612.0,United States,Bibb,Maconites,116.0,13-49000,0332301,nan,6472.0,Robert Reichert,228914.0,UTC−4 (EDT),UTC−5 (EST),nan,3.22,maconbibb.us,,
171.0,Kansas City,Kansas,145786.0,4.92,152958.0,323.2,124.8,39.1225N,94.7418W,470.0,1216.0,United States,Wyandotte,nan,869.0,20-36000,0478635,"1872, 1886",124.81,David Alvey,,UTC−5 (CDT),UTC−6 (CST),nan,3.57,wycokck.org,68.81,
172.0,Pomona,California,149058.0,2.22,152361.0,59.6,23.0,34.0585N,117.7611W,2560.0,6630.0,United States,Los Angeles,nan,850.0,06-58072,"1661247, 2411454","January 6, 1888",22.95,nan,,UTC−7 (PDT),UTC−8 (Pacific),Council-Manager,0.01,www.ci.pomona.ca.us,,
173.0,Escondido,California,143911.0,5.77,152213.0,96.1,37.1,33.1331N,117.0740W,1578.0,4087.0,United States of America,San Diego,nan,646.0,06-22804,"1652706, 2410455","October 8, 1888",37.07,Paul McNamara,,UTC−7 (PDT),UTC−8 (Pacific),Council-Manager,0.18,www.escondido.org,,
174.0,Killeen,Texas,127921.0,16.56,149103.0,138.6,53.5,31.0777N,97.7320W,1030.0,2680.0,United States,Bell,nan,890.0,48-39148,1360642,nan,53.6,nan,,UTC-5 (CDT),UTC-6 (Central (CST)),Council-Manager,0.7,www.killeentexas.gov,,
175.0,Naperville,Illinois,141853.0,4.55,148304.0,100.2,38.7,41.7492N,88.1620W,1468.0,3802.0,United States,"DuPage, Will",Napervillian,702.0,17-51622,nan,18571890,38.67,Steve Chirico,,UTC−5 (CDT),UTC−6 (CST),Council–manager,0.57,www.naperville.il.us,,
176.0,Joliet,Illinois,147433.0,0.45,148099.0,166.8,64.4,41.5177N,88.1488W,889.0,2302.0,United States,"Will, Kendall",Jolietan,614.0,17-38570,nan,1852,64.43,Bob O'Dekirk,,UTC-5 (CDT),UTC-6 (CST),Council-manager,0.66,www.cityofjoliet.info,,
177.0,Bellevue,Washington,122363.0,20.62,147599.0,86.8,33.5,47.5979N,122.1565W,1630.0,4221.0,United States,King,nan,85.0,53-05210,1512000,"March 21, 1953",33.46,John Chelminiak,3733580.0,UTC−7 (PDT),UTC−8 (PST),nan,0.25,www.bellevuewa.gov,,
178.0,Rockford,Illinois,152871.0,4.15,146526.0,164.5,63.5,42.2588N,89.0646W,898.0,2325.0,United States,"Winnebago, Ogle",nan,728.0,17-65000,nan,"1839, 1852",63.47,Thomas McNamara,344623.0,UTC−5 (CDT),UTC−6 (CST),nan,1.01,rockfordil.gov,,
179.0,Savannah,Georgia,136286.0,7.03,145862.0,268.3,103.6,32.0025N,81.1536W,547.0,1417.0,United States,Chatham,Savannahian,49.0,13-69000,0322590,nan,103.1,Eddie DeLoach,389494.0,UTC−4 (EDT),UTC−5 (EST),nan,5.6,savannahga.gov,,
180.0,Paterson,NewJersey,146199.0,0.39,145627.0,21.8,8.4,40.9148N,74.1628W,6800.0,17500.0,United States,Passaic,nan,112.0,3403157000,0885343,"April 11, 1831",8.428,Andre Sayegh,,UTC−4 (Eastern (EDT)),UTC−5 (Eastern (EST)),Faulkner Act Mayor-Council,0.276,www.patersonnj.gov,,
181.0,Torrance,California,145438.0,0.18,145182.0,53.1,20.5,33.8350N,118.3414W,2770.0,7180.0,United States,Los Angeles,nan,89.0,06-80000,"1652802, 2412087","May 12, 1921",20.48,nan,,UTC−7 (PDT),UTC−8 (Pacific),Council-manager,0.07,www.torranceca.gov,,
182.0,Bridgeport,Connecticut,144229.0,0.47,144900.0,41.7,16.1,41.1874N,73.1958W,3500.0,9064.0,United States,Fairfield,nan,3.0,09-08000,0205720,1821,16.0,Joe Ganim,939904.0,UTC-4 (Eastern),UTC-5 (Eastern),Mayor-council,3.4,City of Bridgeport,,
183.0,McAllen,Texas,129877.0,10.44,143433.0,151.3,58.4,26.2322N,98.2464W,940.0,2435.0,United States,Hidalgo,nan,121.4,48-45384,1374829,nan,48.3,nan,774769.0,UTC−5 (CDT),UTC−6 (CST),Council-Manager,0.3,www.mcallen.net,,
184.0,Mesquite,Texas,139824.0,2.14,142816.0,122.2,47.2,32.7629N,96.5888W,1176.0,3045.0,United States,"Dallas, Kaufman",nan,495.0,48-47892,1341400,nan,46.0,nan,,UTC-5 (CDT),UTC-6 (CST),Council-Manager,0.2,cityofmesquite.com,,
185.0,Syracuse,NewYork,145170.0,1.67,142749.0,64.7,25.0,43.0410N,76.1436W,2214.0,5735.0,United States,Onondaga,Syracusan,380.0,36-73000,0966966,1825,25.05,Ben Walsh,662577.0,UTC−4 (Eastern Daylight Time),UTC−5 (Eastern),Mayor-Council,0.56,www.syrgov.net,,
186.0,Midland,Texas,111147.0,28.07,142344.0,192.7,74.4,32.0246N,102.1135W,698.0,1809.0,United States,"Midland, Martin",Midlander,2782.0,48-48072,1341547,nan,71.3,Jerry Morales,295987.0,UTC−5 (CDT),UTC−6 (CST),Council-Manager,0.2,midlandtexas.gov,,
187.0,Pasadena,California,137122.0,3.10,141371.0,59.6,23.0,34.1606N,118.1396W,2385.0,6176.0,United States,Los Angeles,Pasadenan,863.0,06-56000,"1664804, 2411379","June 19, 1886",22.98,Terry Tornek,,UTC−7 (PDT),UTC−8 (Pacific),City council/manager,0.15,www.cityofpasadena.net,,
188.0,Murfreesboro,Tennessee,108755.0,29.97,141344.0,144.8,55.9,35.8522N,86.4160W,910.0,2360.0,United States,Rutherford,nan,610.0,47-51560,1295105,1817,58.32,Shane McFarland,,UTC−5 (CDT),UTC−6 (CST),Council–Manager,0.15,City of Murfreesboro,,
189.0,Miramar,Florida,122041.0,15.39,140823.0,76.1,29.4,25.9770N,80.3358W,1818.0,4709.0,United States,Broward,nan,9.0,12-45975,0286974,"May 26, 1955",29.38,Wayne M. Messam,5762717.0,UTC-4 (EDT),UTC-5 (EST),Commission-Manager,1.9,www.miramarfl.gov,,
190.0,Dayton,Ohio,141527.0,0.63,140640.0,144.3,55.7,39.7774N,84.1996W,974.0,2522.0,United States,Montgomery,nan,738.0,39113,1064514,nan,55.65,Nan Whaley,799232.0,UTC-4 (EDT),UTC-5 (EST),nan,0.85,daytonohio.gov,,
191.0,Fullerton,California,135161.0,3.31,139640.0,58.0,22.4,33.8857N,117.9280W,2425.0,6282.0,United States,Orange,Fullertonian,164.0,06-28000,"1660658, 2410556","February 15, 1904",22.43,nan,,UTC-7 (PDT),UTC-8 (PST),Council-Manager,0.01,www.ci.fullerton.ca.us,,
192.0,Olathe,Kansas,125872.0,10.91,139605.0,157.7,60.9,38.8843N,94.8195W,859.0,2225.0,United States,Johnson,nan,1037.0,20-52575,479198,"1857, 1868",59.66,Michael Copeland,2087471.0,UTC-5 (CDT),UTC-6 (CST),Mayor–Council,0.76,olatheks.org,,
193.0,Orange,California,136416.0,2.25,139484.0,65.8,25.4,33.7870N,117.8613W,2136.0,5532.0,United States,Orange,nan,190.0,06-53980,"1652765, 2411325","April 6, 1888",25.36,nan,,UTC−07:00 (PDT),UTC−08:00 (Pacific),Council–Manager,0.44,cityoforange.org,,
194.0,Thornton,Colorado,118772.0,17.40,139436.0,92.5,35.7,39.9194N,104.9428W,1478.0,3829.0,United States,Adams CountyWeld County,nan,5351.0,08-77290,0181265,"June 12, 1956",35.81,Heidi K. Williams,,UTC−6 (MDT),UTC−7 (MST),Home rule municipality,1.07,City of Thornton,,
195.0,Roseville,California,118788.0,17.11,139117.0,111.4,43.0,38.7690N,121.3189W,1191.0,3085.0,United States,Placer,nan,164.0,06-62938,"1659544, 2411000","April 10, 1909",42.99,Susan Rohan,,UTC−7 (PDT),UTC−8 (Pacific),Council-manager,0.0,www.roseville.ca.us,,
196.0,Denton,Texas,113383.0,22.19,138541.0,241.9,93.4,33.2166N,97.1414W,553.0,1433.0,United States,Denton,Dentonite,642.0,48-19972,1334260,1866,87.952,nan,,UTC-5 (CST),UTC-6 (CST),Council–manager,1.364,City of Denton,,
197.0,Waco,Texas,124805.0,10.72,138183.0,230.5,89.0,31.5601N,97.1860W,580.0,1510.0,United States,McLennan,Wacoan,470.0,48-76000,1370701,nan,84.2,nan,271942.0,UTC−5 (Central),UTC−6 (Central),Council-manager,11.3,Waco-Texas.com,,
198.0,Surprise,Arizona,117517.0,17.57,138161.0,279.5,107.9,33.6706N,112.4527W,470.0,1230.0,United States of America,Maricopa,nan,1175.0,04-71510,nan,nan,107.85,Skip Hall,4489109.0,,UTC-7 (MST (no DST)),nan,0.11,http://www.surpriseaz.gov,,
199.0,Carrollton,Texas,119097.0,14.93,136879.0,94.0,36.3,32.9884N,96.8998W,1419.0,3674.0,United States,"Denton, Dallas, Collin",nan,528.0,48-13024,1332207,nan,36.3,Kevin Falconer,7102800.0,UTC-5 (Central),UTC-6 (Central),Council-Manager,0.8,http://www.cityofcarrollton.com,,
200.0,West Valley City,Utah,129480.0,5.35,136401.0,91.9,35.5,40.6885N,112.0118W,1485.0,3847.0,United States,Salt Lake,nan,4304.0,49-83470,1437843,nan,35.4,Ron Bigelow,,UTC−6 (MDT),UTC−7 (Mountain (MST)),nan,0.1,www.wvc-ut.gov,,
201.0,Charleston,SouthCarolina,120083.0,13.43,136208.0,282.3,109.0,32.8179N,79.9590W,476.0,1233.0,United States,"Charleston, Berkeley",Charlestonian,20.0,45-13330,1221516,nan,109.0,John Tecklenburg,,UTC-4 (EDT),UTC-5 (EST),Mayor–council,18.5,www.charleston-sc.gov,,
202.0,Warren,Michigan,134056.0,0.40,134587.0,89.1,34.4,42.4929N,83.0250W,1517.0,3928.0,United States,Macomb,nan,627.0,26-84000,1615781,18931957,34.36,James R. Fouts,,UTC-4 (EDT),UTC-5 (Eastern (EST)),Strong mayor,0.07,Official website,,
203.0,Hampton,Virginia,137436.0,2.27,134313.0,133.4,51.5,37.0480N,76.2971W,1015.0,2629.0,United States,None (Independent city),nan,10.0,51-35000,1495650,1705,51.41,Donnie Tuck,1674498.0,UTC-4 (EDT),UTC-5 (EST),nan,84.85,http://www.hampton.gov,,
204.0,Gainesville,Florida,124354.0,7.64,133857.0,161.4,62.3,29.6788N,82.3461W,815.0,2112.0,United States,Alachua,nan,151.0,12-25175,0282874,"April 14, 1869",62.32,Lauren Poe,288212.0,UTC−4 (EDT),UTC−5 (EST),Council-manager,1.17,www.cityofgainesville.org,,
205.0,Visalia,California,124442.0,7.52,133800.0,97.1,37.5,36.3273N,119.3289W,1349.0,3495.0,United States,Tulare,Visalian,331.0,06-82954,"1652807, 2412160","February 27, 1874",37.47,nan,,UTC-7 (PDT),UTC-8 (PST),Council-Manager,0.02,www.ci.visalia.ca.us,,
206.0,Coral Springs,Florida,121096.0,10.25,133507.0,61.6,23.8,26.2707N,80.2593W,2110.0,5465.0,United States of America,Broward,nan,13.0,12-14400,0307614,"July 10, 1963",22.86,nan,,UTC-4 (EDT),UTC-5 (EST),Commission-Manager,1.12,www.CoralSprings.org,,
207.0,Columbia,SouthCarolina,129272.0,3.23,133451.0,345.8,133.5,34.0291N,80.8980W,388.0,1006.0,United States,"Richland, Lexington",nan,292.0,45-16000,1245051,nan,132.2,Stephen K. Benjamin,,UTC-4 (EDT),UTC-5 (Eastern (EST)),nan,2.7,www.columbiasc.net,,
208.0,Cedar Rapids,Iowa,126326.0,5.42,133174.0,183.4,70.8,41.9670N,91.6778W,715.0,1852.0,United States,Linn,nan,810.0,19-12000,0465941,1849,70.8,Brad Hart,257940.0,UTC-5 (CDT),UTC-6 (CST),Home Rule,1.27,cedar-rapids.org,,
209.0,Sterling Heights,Michigan,129699.0,2.52,132964.0,94.5,36.5,42.5812N,83.0303W,1401.0,3628.0,United States,Macomb,nan,614.0,26-76460,0638798,1968,36.43,Michael C. Taylor,,UTC−4 (EDT),UTC−5 (Eastern (EST)),Council–manager,0.29,Official website,,
210.0,New Haven,Connecticut,129779.0,0.49,130418.0,48.4,18.7,41.3108N,72.9250W,2683.0,6948.0,United States,New Haven,New Havener,59.0,09-52000,0209231,1784,18.7,Toni Harp,862477.0,UTC−4 (Eastern),UTC−5 (Eastern),Mayor–board of aldermen,1.4,www.newhavenct.gov,,
211.0,Stamford,Connecticut,122643.0,5.82,129775.0,97.4,37.6,41.0799N,73.5460W,1326.0,3434.0,United States,Fairfield,"Stamfordian, Stamfordite",23.0,09-73000,0211129,1893,37.7,David Martin,916829.0,UTC-4 (Eastern),UTC-5 (Eastern),Mayor-Board of representatives,14.3,www.stamfordct.gov,,
212.0,Concord,California,122067.0,6.24,129688.0,79.0,30.5,37.9722N,122.0016W,1630.0,4221.0,United States,Contra Costa,nan,75.0,06-16000,"1658308, 2410214","February 8, 1905",30.54,Carlyn Obringer,,UTC−7 (PDT),UTC−8 (Pacific),City Council/City Manager,0.0,Official website,,
213.0,Kent,Washington,92411.0,40.26,129618.0,87.3,33.7,47.3880N,122.2127W,1461.0,3784.0,United States,King,nan,500.0,53-35415,1530952,"May 28, 1890",33.75,Dana Ralph,,UTC-7 (PDT),UTC-8 (PST),Mayor-council government,0.67,kentwa.gov,,
214.0,Santa Clara,California,116468.0,11.18,129488.0,47.7,18.4,37.3646N,121.9679W,2643.0,6845.0,United States,Santa Clara,nan,72.0,06-69084,"1654953, 2411816","July 5, 1852",18.41,nan,,UTC−7 (PDT),UTC−8 (Pacific),Council/Manager,0.0,santaclaraca.gov,,
215.0,Elizabeth,NewJersey,124969.0,3.13,128885.0,31.9,12.3,40.6664N,74.1935W,4038.0,10459.0,United States,Union,nan,16.0,3403921000,0885205,"March 13, 1855",12.319,"J. Christian ""Chris"" Bollwage",,UTC−04:00 (Eastern (EDT)),UTC−05:00 (Eastern (EST)),Faulkner Act,1.145,www.elizabethnj.org,,
216.0,Round Rock,Texas,99887.0,28.88,128739.0,92.2,35.6,30.5252N,97.6660W,1311.0,3396.0,United States,"Williamson, Travis",Round Rockers,735.0,48-63500,1366966,nan,35.6,nan,,UTC−5 (CDT),UTC−6 (Central (CST)),Council-Manager,0.3,roundrocktexas.gov,,
217.0,Thousand Oaks,California,126683.0,0.79,127690.0,143.0,55.2,34.1933N,118.8742W,902.0,2335.0,United States,Ventura,nan,886.0,06-78582,"1661567, 2412065","October 7, 1964",55.18,Andy Fox,,UTC−7 (PDT),UTC−8 (Pacific),Council/Manager,0.15,www.toaks.org,,
218.0,Lafayette,Louisiana,120623.0,4.58,126143.0,139.3,53.8,30.2074N,92.0285W,916.0,2372.0,United States,,Lafayettiens,36.0,22-40735,nan,nan,53.81,nan,5252.0,UTC-5 (CDT),UTC-6 (CST),Consolidated City-Parish,0.1,www.lafayettetravel.com,,
219.0,Athens,Georgia,115452.0,9.11,125964.0,301.5,116.4,33.9496N,83.3701W,410.0,1060.0,United States,Clarke,nan,636.0,13-03440,nan,nan,117.8,Kelly Girtz,209271.0,UTC−4 (EDT),UTC−5 (EST),nan,0.5,athensclarkecounty.com,,
220.0,Topeka,Kansas,127473.0,1.23,125904.0,159.3,61.5,39.0347N,95.6962W,796.0,2062.0,United States,Shawnee,Topekan,945.0,20-71000,0485477,1857,60.17,Michelle De La Isla,232594.0,UTC-5 (CDT),UTC-6 (CST),Council-Manager,1.3,topeka.org,,
221.0,Simi Valley,California,124237.0,1.30,125851.0,107.5,41.5,34.2669N,118.7485W,1175.0,3044.0,United States,Ventura,nan,768.0,06-72016,"1661450, 2411904","October 10, 1969",41.48,nan,,UTC−7 (PDT),UTC−8 (Pacific),Council-Manager,0.77,www.simivalley.org,,
222.0,Fargo,NorthDakota,105549.0,18.28,124844.0,127.7,49.3,46.8652N,96.8290W,950.0,2450.0,United States,Cass,Fargoan,904.0,38-25700,1028945,nan,48.82,Tim Mahoney,245471.0,UTC-5 (CDT),UTC-6 (CST),nan,0.0,City of Fargo,,
223.0,Norman,Oklahoma,110925.0,11.31,123471.0,463.1,178.8,35.2406N,97.3453W,264.0,683.0,United States,Cleveland,nan,1171.0,40-52500,1095903,nan,178.8,Lynne Miller,1319677.0,UTC−5 (CDT),UTC−6 (Central (CST)),Council-manager,10.7,www.ci.norman.ok.us,,
224.0,Columbia,Missouri,108500.0,13.53,123180.0,168.3,65.0,38.951561N,92.328638W,717.0,1856.0,United States,Boone,Columbian,758.0,29-15670,0716133,1826,63.08,Brian Treece,,UTC-5 (CDT),UTC-6 (CST),Council-Manager,0.42,www.como.gov,,
225.0,Abilene,Texas,117063.0,5.07,122999.0,276.4,106.7,32.4545N,99.7381W,442.0,1146.0,United States,"Taylor, Jones",Abilenian,1719.0,48-01000,1329173,1881,106.8,nan,170219.0,UTC−5 (CDT),UTC−6 (CST),Council-Manager,5.4,abilenetx.com,,
226.0,Wilmington,NorthCarolina,106476.0,15.15,122607.0,133.6,51.6,34.2092N,77.8858W,880.0,2278.0,United States,New Hanover,Wilmingtonian,30.0,37-74440,1023269,"February 20, 1739/40",41.0,Bill Saffo,282573.0,UTC−4 (EDT),UTC−5 (Eastern (EST)),nan,0.5,http://www.wilmingtonnc.gov/,,
227.0,Hartford,Connecticut,124775.0,1.75,122587.0,45.1,17.4,41.7659N,72.6816W,2735.0,7083.0,United States,Hartford,Hartfordite,59.0,09-37000,0213160,"May 29, 1784",17.4,Luke Bronin,1214295.0,UTC−4 (EDT),UTC−5 (EST),Mayor-council,0.7,www.hartford.gov,,
228.0,Victorville,California,115903.0,5.53,122312.0,189.8,73.3,34.5277N,117.3536W,644.0,1668.0,United States,San Bernardino,nan,2726.0,06-82590,"1652806, 2412156","September 21, 1962",73.33,Gloria Garcia,,UTC-7 (PDT),UTC-8 (Pacific Time Zone),nan,0.56,www.victorvilleca.gov,,
229.0,Pearland,Texas,91252.0,33.86,122149.0,119.9,46.3,29.5558N,95.3231W,947.0,2453.0,United States,"Brazoria, Fort Bend, Harris",nan,49.0,48-56348,1343734,nan,48.329,nan,,UTC−5 (CDT),UTC−6 (Central (CST)),Council-Manager,0.175,www.cityofpearland.com,,
230.0,Vallejo,California,115942.0,5.15,121913.0,79.5,30.7,38.1079N,122.2640W,1525.0,3951.0,United States,Solano,nan,69.0,06-81666,"1661612, 2412142","March 30, 1868",30.67,Bob Sampayan,,UTC−7 (PDT),UTC−8 (Pacific),Council-Manager,18.87,www.ci.vallejo.ca.us,,
231.0,Ann Arbor,Michigan,113934.0,6.98,121890.0,72.8,28.1,42.2761N,83.7309W,1659.0,4298.0,United States,Washtenaw,Ann Arborite,840.0,26-03000,0620133,nan,27.9,Christopher Taylor,344791.0,UTC-4 (EDT),UTC-5 (EST),Council-Manager,0.87,Official website,,
232.0,Berkeley,California,112580.0,8.05,121643.0,27.2,10.5,37.8670N,122.2991W,4458.0,11547.0,United States,Alameda,Berkeleyan,171.0,06-06000,nan,"April 4, 1878",10.47,Jesse Arreguín,,UTC−7 (PDT),UTC−8 (Pacific),Council-Manager,7.23,www.cityofberkeley.info,,
233.0,Allentown,Pennsylvania,118032.0,2.88,121433.0,45.3,17.5,40.5936N,75.4784W,2657.0,6882.0,United States,Lehigh,Allentonian,338.0,42-02000,1202899,"March 12, 1867",17.55,Ray O'Connell,730.0,UTC−4 (EDT),UTC−5 (EST),Mayor-Council,0.48,www.allentownpa.gov,,
234.0,Richardson,Texas,99223.0,21.93,120981.0,74.1,28.6,32.9723N,96.7081W,1530.0,3963.0,United States,Dallas Collin,nan,630.0,48-61796,1345172,nan,28.6,nan,,UTC−5 (CDT),UTC−6 (CST),Council-Manager,0.08,www.cor.net,,
235.0,Odessa,Texas,99940.0,20.64,120568.0,117.1,45.2,31.8838N,102.3411W,1007.0,2608.0,United States,"Ector, Midland",nan,2900.0,48-53388,1343067,nan,43.9,nan,,UTC−5 (CDT),UTC−6 (CST),Council-Manager,0.1,www.odessa-tx.gov,,
236.0,Arvada,Colorado,106433.0,13.21,120492.0,100.0,38.6,39.8337N,105.1503W,1175.0,3043.0,United States,Jefferson CountyAdams County,Arvadan,5344.0,08-03455,0204709,"August 24, 1904",38.67,Marc Williams,,UTC−6 (MDT),UTC−7 (MST),Home Rule Municipality,0.72,arvada.org,,
237.0,Cambridge,Massachusetts,105162.0,13.14,118977.0,16.6,6.4,42.3760N,71.1187W,6675.0,17289.0,United States,Middlesex,Cantabrigian,40.0,25-11000,0617365,1636,6.43,Marc C. McGovern,,UTC−4 (Eastern),UTC−5 (Eastern),Council-City Manager,0.7,cambridgema.gov,,
238.0,Sugar Land,Texas,78817.0,50.48,118600.0,88.1,34.0,29.5994N,95.6142W,1347.0,3488.0,United States,Fort Bend,nan,100.0,48-70808,1348034,nan,32.4,nan,,UTC−5 (CDT),UTC−6 (Central (CST)),Council-Manager,1.6,www.sugarlandtx.gov,,
239.0,Beaumont,Texas,118296.0,0.11,118428.0,212.6,82.1,30.0849N,94.1453W,556.0,1441.0,United States,Jefferson,Beaumonter,16.0,48-07000,1330268,nan,82.8,nan,404872.0,UTC−5 (CDT),UTC−6 (CST),Council-Manager,3.1,beaumonttexas.gov,,
240.0,Lansing,Michigan,114297.0,3.61,118427.0,101.3,39.1,42.7143N,84.5593W,1146.0,2967.0,United States,"Ingham, Clinton, Eaton",Lansingite,860.0,26-46000,1625035,nan,39.17,Andy Schor,1714.6,UTC-4 (EDT),UTC-5 (EST),Strong Mayor-Council,0.64,www.lansingmi.gov,,
241.0,Evansville,Indiana,117429.0,0.45,117963.0,122.5,47.3,37.9877N,87.5347W,975.0,2526.0,United States,Vanderburgh,"Evansvillian, Vanderburger",387.0,18-22000,434258,1817,47.35,Lloyd Winnecke,2367.0,UTC-5 (CDT),UTC-6 (CST),nan,0.49,City of Evansville,,
242.0,Rochester,Minnesota,106769.0,9.55,116961.0,141.4,54.6,44.0154N,92.4772W,806.0,2088.0,United States,Olmsted,nan,1030.0,27-54880,0650180,nan,55.2,Kim Norton,218280.0,UTC−5 (CDT),UTC−6 (CST),nan,0.29,www.rochestermn.gov,75.01,
243.0,Independence,Missouri,116830.0,0.08,116925.0,201.5,77.8,39.0855N,94.3521W,581.0,1504.0,United States,Jackson,nan,1033.0,29-35000,0735664,nan,77.57,Eileen Weir,,UTC−5 (CDT),UTC−6 (Central (CST)),nan,0.68,City of Independence,,
244.0,Fairfield,California,105321.0,10.98,116884.0,105.9,40.9,38.2593N,122.0321W,1083.0,2806.0,United States,Solano,nan,13.0,06-23182,"1656005, 2410474","December 12, 1903",40.92,Harry T. Price,,UTC−7 (PDT),UTC−8 (Pacific),Council-manager,0.27,www.fairfield.ca.gov,,
245.0,Provo,Utah,112488.0,3.75,116702.0,108.0,41.7,40.2453N,111.6448W,1082.0,2803.0,United States,Utah,nan,4551.0,49-62470,1444661,April 1850,41.7,Michelle Kaufusi,526810.0,UTC−6 (MDT),UTC−7 (Mountain (MST)),Strong mayor,2.5,www.provo.org,,
246.0,Clearwater,Florida,107685.0,8.17,116478.0,67.1,25.9,27.9789N,82.7666W,1705.0,4415.0,United States,Pinellas,nan,30.0,12-12875,0280543,1891,25.99,George N. Cretekos,2783243.0,UTC-4 (EDT),UTC-5 (Eastern (EST)),nan,9.83,www.myclearwater.com,,
247.0,College Station,Texas,93857.0,23.82,116218.0,132.1,51.0,30.5852N,96.2964W,849.0,2199.0,United States,Brazos,nan,338.0,48-15976,1354786,nan,49.5,Karl Mooney,273101.0,UTC-5 (CDT),UTC-6 (CST),Council-Manager,0.2,www.cstx.gov,,
248.0,West Jordan,Utah,103712.0,11.89,116046.0,83.7,32.3,40.6024N,112.0008W,1360.0,3520.0,United States,Salt Lake,nan,4373.0,49-82950,1434086,1947,30.9,nan,,UTC−6 (MDT),UTC−7 (Mountain (MST)),nan,0.0,www.westjordan.utah.gov,,
249.0,Carlsbad,California,105328.0,10.02,115877.0,97.6,37.7,33.1239N,117.2828W,1167.0,3023.0,United States of America,San Diego,nan,52.0,06-11194,"1660437, 2409984","July 16, 1952",37.74,Carl Armstrong-Champ,,UTC−7 (PDT),UTC−8 (Pacific),Council–manager,1.38,www.carlsbadca.gov,,
250.0,El Monte,California,113475.0,1.86,115586.0,24.9,9.6,34.0746N,118.0291W,4658.0,12063.0,United States,Los Angeles,nan,299.0,06-22230,"1652702, 2410413","November 18, 1912",9.56,Andre Quintero,,UTC−7 (PDT),UTC−8 (Pacific),Council-Manager,0.09,ci.el-monte.ca.us,,
251.0,Murrieta,California,103466.0,11.13,114985.0,87.0,33.6,33.5721N,117.1904W,1283.0,3324.0,United States,Riverside,nan,1175.0,06-50076,"1667919, 2411199","July 1, 1991",33.6,nan,,UTC−7 (PDT),UTC−8 (Pacific),Council–manager,0.04,www.murrieta.org,,
252.0,Temecula,California,100097.0,14.63,114742.0,96.6,37.3,33.4931N,117.1317W,1170.0,3031.0,United States,Riverside,nan,1017.0,06-78120,"1652799, 2412044","December 1, 1989",37.27,nan,,UTC−7 (PDT),UTC−8 (Pacific),nan,0.01,temeculaca.gov,,
253.0,Springfield,Illinois,116250.0,1.34,114694.0,155.7,60.1,39.7911N,89.6446W,743.0,1925.0,United States,Sangamon,nan,558.0,17-167-11046,nan,"April 2, 1832",60.09,Jim Langfelder,211752.0,UTC−5 (CDT),UTC−6 (CST),nan,6.28,www.springfield.il.us,,
254.0,Palm Bay,Florida,103190.0,10.66,114194.0,170.2,65.7,27.9856N,80.6626W,647.0,1676.0,United States,Brevard,nan,19.0,12-54000,0288389,nan,65.72,William Capote,543376.0,UTC−4 (EDT),UTC−5 (Eastern (EST)),Council-Manager,3.14,www.PalmBayFlorida.org,,
255.0,Costa Mesa,California,109960.0,3.32,113615.0,40.7,15.7,33.6659N,117.9123W,2775.0,7186.0,United States of America,Orange,Costa Mesan,98.0,06-16532,"1652692, 2410239","June 29, 1953",15.72,nan,,UTC-7 (PDT),UTC-8 (PST),Council-CEO,0.08,www.costamesaca.gov,,
256.0,Westminster,Colorado,106114.0,6.94,113479.0,82.1,31.7,39.8822N,105.0644W,1387.0,3592.0,United States,Adams CountyJefferson County,nan,5384.0,08-83835,0204703,"May 24, 1911 as the Town of Westminster",31.73,Herb Atchison,,UTC−6 (MDT),UTC−7 (MST),Home Rule Municipality,2.32,www.cityofwestminster.us,,
257.0,North Charleston,SouthCarolina,97471.0,16.18,113237.0,190.9,73.7,32.9178N,80.0650W,573.0,1483.0,United States,"Berkeley, Charleston, Dorchester[1]",nan,25.0,45-50875,1225072,nan,73.2,R. Keith Summey,744526.0,UTC−4 (EDT),UTC−5 (EST),Mayor-council government,3.5,www.northcharleston.org,,
258.0,Miami Gardens,Florida,107167.0,5.51,113069.0,47.1,18.2,25.9489N,80.2436W,2398.0,6212.0,United States of America,Miami-Dade,nan,7.0,12-45050,1989951,"May 13, 2003",18.24,Oliver G. Gilbert III,5564635.0,UTC-4 (EDT),UTC-5 (EST),Council-Manager,0.78,miamigardens-fl.gov,,
259.0,Manchester,NewHampshire,109565.0,2.70,112525.0,85.7,33.1,42.9849N,71.4441W,1289.0,3339.0,United States,Hillsborough,nan,210.0,33-45140,0868243,1751,33.1,Joyce Craig,406678.0,UTC-4 (Eastern),UTC-5 (Eastern),nan,1.9,www.manchesternh.gov,,
260.0,High Point,NorthCarolina,104371.0,7.61,112316.0,143.0,55.2,35.9900N,79.9905W,778.0,2015.0,United States,"Guilford, Davidson, Randolph, Forsyth",nan,938.0,37-31400,0986755,nan,53.8,Jay W. Wagner,746593.0,UTC−4 (EDT),UTC−5 (EST),nan,1.7,www.highpointnc.gov,,
261.0,Downey,California,111772.0,0.44,112269.0,32.1,12.4,33.9382N,118.1309W,3527.0,9134.0,United States of America,Los Angeles,nan,118.0,06-19766,"1652698, 2410352","December 17, 1956",12.41,nan,,UTC-7 (PDT),UTC-8 (PST),Council-manager,0.16,www.downeyca.org,,
262.0,Clovis,California,95631.0,17.14,112022.0,62.7,24.2,36.8282N,119.6849W,1700.0,4404.0,United States,Fresno,nan,361.0,06-14218,"1656303, 2409488","February 27, 1912",24.4,Bob Whalen,,UTC−7 (PDT),UTC−8 (Pacific),Council–manager,0.0,www.ci.clovis.ca.us,,
263.0,Pompano Beach,Florida,99845.0,12.13,111954.0,62.2,24.0,26.2416N,80.1339W,1760.0,4558.0,United States,Broward,nan,13.0,12-58050,0289162,"July 3, 1908",24.04,Rex Hardin,5564635.0,UTC−4 (EDT),UTC−5 (EST),Commission-Manager,0.67,www.pompanobeachfl.gov,,
264.0,Pueblo,Colorado,106595.0,4.84,111750.0,138.8,53.6,38.2699N,104.6123W,795.0,2058.0,United States,Pueblo – county seat[1],nan,4692.0,08-62000,0204798,"November 15, 1885",53.59,Nick Gradisar,,UTC−6 (MDT),UTC−7 (MST),Home Rule Municipality,0.79,pueblo.us,,
265.0,Elgin,Illinois,108188.0,3.23,111683.0,96.9,37.4,42.0396N,88.3217W,1158.0,2998.0,United States,"Kane, Cook",Elginite,817.0,17-23074,nan,1854,37.45,Dave Kaptain,,UTC−5 (Central),UTC−6 (Central),"Home Rule, Council-manager",0.49,cityofelgin.org,,
266.0,Lowell,Massachusetts,106519.0,4.84,111670.0,35.2,13.6,42.6390N,71.3211W,3139.0,8129.0,United States,Middlesex,Lowellian,102.0,25-37000,0611832,1826,13.8,William Samaras,,UTC−4 (Eastern),UTC−5 (Eastern),Manager-City council,0.8,"City of Lowell, Massachusetts",,
267.0,Antioch,California,102372.0,8.95,111535.0,76.1,29.4,37.9791N,121.7962W,1456.0,3772.0,United States,Contra Costa,nan,43.0,06-02252,"1657936, 2409715","February 6, 1872",29.35,Sean Wright,7468390.0,UTC−7 (PDT),UTC−8 (Pacific),nan,0.78,www.ci.antioch.ca.us,,
268.0,West Palm Beach,Florida,99919.0,11.49,111398.0,142.7,55.1,26.7464N,80.1251W,758.0,1963.0,United States,Palm Beach,nan,13.0,12-76600,0293097,"November 5, 1894",55.13,Keith James,5828191.0,UTC−4 (EDT),UTC−5 (EST),Mayor-Commission,2.56,http://wpb.org,,
269.0,Peoria,Illinois,115007.0,3.15,111388.0,124.8,48.2,40.7515N,89.6174W,915.0,2371.0,United States,Peoria,nan,509.0,17-59000,nan,1835,48.23,Jim Ardis,373590.0,UTC−5 (CDT),UTC−6 (CST),Council-Manager,2.22,www.peoriagov.org,,
270.0,Everett,Washington,103019.0,8.00,111262.0,86.2,33.3,47.9566N,122.1914W,1264.0,3275.0,United States,Snohomish,nan,,53-22640,1512198,"May 4, 1893",33.2,Cassie Franklin,3733580.0,UTC−7 (PDT),UTC−8 (PST),Mayor–council,14.71,everettwa.gov,,
271.0,Ventura,California,106433.0,4.41,111128.0,56.5,21.8,34.2678N,119.2542W,1941.0,5027.0,United States,Ventura,Venturan,36.0,06-65042,"1667934, 2411779","April 2, 1866",21.82,Neal Andrews,,UTC−7 (PDT),UTC−8 (Pacific),nan,10.43,cityofventura.net,,
272.0,Centennial,Colorado,100377.0,10.41,110831.0,76.4,29.5,39.5906N,104.8691W,1439.0,3727.0,United States,Arapahoe County[1],nan,5830.0,08-12815,nan,2001,29.55,Cathy Noon,2697476.0,UTC-6 (MDT),UTC-7 (MST),Home Rule Municipality,0.15,www.centennialco.gov,,
273.0,Lakeland,Florida,97422.0,13.44,110516.0,170.7,65.9,28.0555N,81.9549W,624.0,1615.0,United States,Polk,Lakelander,197.0,12-38250,0294459,"January 1, 1885",65.91,Bill Mutz,584383.0,UTC-4 (EDT),UTC-5 (EST),Commission-Manager,9.02,http://www.lakelandgov.net/,,
274.0,Gresham,Oregon,105594.0,4.32,110158.0,60.3,23.3,45.5023N,122.4416W,1848.0,4786.0,United States,Multnomah,Greshamite,325.0,41-31250,1121424,1905,23.2,Shane Bemis,2314554.0,UTC−7 (Pacific),UTC−8 (Pacific),nan,0.23,www.greshamoregon.gov,,
275.0,Richmond,California,103701.0,6.21,110146.0,78.0,30.1,37.9523N,122.3606W,1409.0,3648.0,United States,Contra Costa,nan,46.0,06-60620,nan,"August 7, 1905",30.05,nan,4335391.0,UTC−7 (PDT),UTC−8 (Pacific),Council-Manager,22.46,www.ci.richmond.ca.us,65.52,
276.0,Billings,Montana,104170.0,5.16,109550.0,113.2,43.7,45.7885N,108.5499W,975.0,2525.0,United States,Yellowstone,nan,3123.0,30-06550,0802034,1882,43.41,Bill Cole,171677.0,UTC−6 (Mountain),UTC−7 (Mountain),Mayor-Council,0.11,CityofBillings.Net,,
277.0,Inglewood,California,109673.0,0.23,109419.0,23.6,9.1,33.9561N,118.3443W,4700.0,12160.0,United States,Los Angeles,nan,131.0,06-36546,"1660799, 2410106","February 7, 1908",9.07,nan,,UTC−7 (PDT),UTC−8 (Pacific),Council-Manager-Commission,0.03,www.cityofinglewood.org,,
278.0,Broken Arrow,Oklahoma,98850.0,10.44,109171.0,159.8,61.7,36.0365N,95.7810W,672.0,1741.0,United States,"Tulsa, Wagoner",nan,755.0,40-09050,1090512,1903,45.0,Craig Thurmond,961561.0,UTC−5 (CDT),UTC−6 (CST),Council-Manager,0.6,City of Broken Arrow,,
279.0,Sandy Springs,Georgia,93853.0,15.92,108797.0,97.6,37.7,33.9315N,84.3687W,1083.0,2804.0,United States,Fulton,nan,1093.0,13-68516,0332975,December 2005,37.6,Rusty Paul,,UTC−4 (EDT),UTC−5 (EST),nan,0.9,www.sandyspringsga.gov,,
280.0,Jurupa Valley,California,0.0,,108393.0,111.1,42.9,34.0026N,117.4676W,932.0,2414.0,United States of America,Riverside,nan,,06-37692,2702867,"July 1, 2011",42.94,Verne Lauritzen,4527837.0,UTC-7 (PDT),UTC-8 (PST),Council-Manager,0.74,jurupavalley.org,,
281.0,Hillsboro,Oregon,91611.0,18.31,108389.0,64.7,25.0,45.5280N,122.9357W,1624.0,4207.0,United States,Washington,Hillsboroans,194.0,41-34100,1163049,"October 19, 1876",24.24,Steve Callaway,,UTC−7 (PDT),UTC−8 (PST),Council–manager,0.01,www.hillsboro-oregon.gov,,
282.0,Waterbury,Connecticut,110366.0,2.06,108093.0,73.8,28.5,41.5585N,73.0367W,1467.0,3799.0,United States,New Haven,nan,270.0,09-80000,0211851,1686,28.5,Neil O'Leary,,UTC−4 (Eastern),UTC−5 (Eastern),Mayor-council,0.4,www.waterburyct.org,,
283.0,Santa Maria,California,99553.0,7.89,107408.0,59.1,22.8,34.9332N,120.4438W,1800.0,4662.0,United States,Santa Barbara,nan,217.0,06-69196,"1652791, 2411824","September 12, 1905",22.78,Alice Patino,,UTC−7 (PDT),UTC−8 (Pacific),Council-manager,0.64,www.ci.santa-maria.ca.us,,
284.0,Boulder,Colorado,97385.0,10.24,107353.0,64.2,24.8,40.0270N,105.2519W,1683.0,4358.0,United States,Boulder[1],Boulderite,5328.0,08-07850,nan,1871-11-04,24.84,Suzanne Jones,313333.0,UTC-6 (MDT),UTC-7 (MST),Home rule municipality,1.01,bouldercolorado.gov,,
285.0,Greeley,Colorado,92889.0,15.57,107348.0,123.8,47.8,40.4153N,104.7697W,840.0,2176.0,United States,Weld[1],nan,4675.0,08-32155,0180649,1885-11-15,47.79,John Gates,,UTC−6 (MDT),UTC−7 (MST),Home Rule Municipality,0.12,City of Greeley Colorado,,
286.0,Daly City,California,101123.0,5.82,107008.0,19.7,7.6,37.7009N,122.4650W,5409.0,14009.0,United States,San Mateo,nan,344.0,06-17918,"1658369, 2410291","March 22, 1911",7.64,Raymond A. Buenaventura,,UTC−7 (PDT),UTC−8 (Pacific),Council-Manager,0.0,www.dalycity.org,,
287.0,Meridian,Idaho,75092.0,42.23,106804.0,77.2,29.8,43.6142N,116.3989W,1384.0,3584.0,United States,Ada,nan,2605.0,16-52120,0396879,1903,29.72,Tammy de Weerd,709845.0,UTC−6 (Mountain),UTC−7 (Mountain),nan,0.06,www.meridiancity.org,,
288.0,Lewisville,Texas,95290.0,11.85,106586.0,95.1,36.7,33.0466N,96.9818W,1101.0,2852.0,United States,"Denton, Dallas[1]",nan,525.0,42508,1339860,"January 15, 1925",36.4,nan,,UTC−5 (Central),UTC−6 (Central),Council–manager,6.07,www.cityoflewisville.com,,
289.0,Davie,Florida,91992.0,15.83,106558.0,90.4,34.9,26.0791N,80.2850W,1127.0,2919.0,United States of America,Broward,nan,9.0,12-16475,0281316,"November 16, 1925",34.9,Judy Paul,5564635.0,UTC-4 (EDT),UTC-5 (EST),Council-Manager,0.83,www.davie-fl.gov,,
290.0,West Covina,California,106098.0,0.20,106311.0,41.4,16.0,34.0559N,117.9099W,2600.0,6740.0,United States,Los Angeles,nan,384.0,06-84200,"1652809, 2412219","February 17, 1923",16.04,Lloyd Johnson,,UTC−7 (PDT),UTC−8 (PST),Council-Manager,0.05,www.westcovina.org,,
291.0,League City,Texas,83560.0,27.15,106244.0,132.6,51.2,29.4901N,95.1091W,769.0,1992.0,United States of America,Galveston,nan,20.0,48-41980,1339753,1961,51.3,Pat Hallisey,,UTC-5 (CDT),UTC-6 (Central (CST)),Council-Manager,1.7,http://www.leaguecitytx.gov,,
292.0,Tyler,Texas,96900.0,9.11,105729.0,146.6,56.6,32.3173N,95.3059W,715.0,1852.0,United States,Smith,Tylerite,544.0,48-74144,1348998,nan,54.2,Martin Heines,216080.0,UTC−5 (Central),UTC−6 (Central),Council-Manager,0.1,www.cityoftyler.org,,
293.0,Norwalk,California,105549.0,0.41,105120.0,25.1,9.7,33.9076N,118.0835W,4226.0,10946.0,United States,Los Angeles,nan,92.0,06-52526,"1661123, 2411281","August 26, 1957",9.71,nan,,UTC−7 (PDT),UTC−8 (Pacific),Council/Manager,0.04,www.norwalk.org,,
294.0,San Mateo,California,97207.0,8.04,105025.0,31.3,12.1,37.5603N,122.3106W,3317.0,8592.0,United States,San Mateo,nan,46.0,06-68252,"1659584, 2411800","September 4, 1894",12.13,Diane Papan,,UTC−7 (PDT),UTC−8 (Pacific),nan,3.75,www.cityofsanmateo.org,,
295.0,Green Bay,Wisconsin,104057.0,0.79,104879.0,117.6,45.4,44.5207N,87.9842W,894.0,2316.0,United States,Brown,nan,581.0,55-31000,1565801,nan,45.48,Eric Genrich,320050.0,UTC−5 (CDT),UTC−6 (Central),nan,10.28,greenbaywi.gov,,
296.0,Wichita Falls,Texas,104553.0,0.02,104576.0,187.0,72.2,33.9067N,98.5259W,560.0,1450.0,United States,Wichita,nan,948.0,48-79000,nan,nan,70.66,Stephen Santellana,151201.0,UTC−5 (CDT),UTC−6 (CST),Council-manager,0.04,City of Wichita Falls,,
297.0,Sparks,Nevada,90264.0,15.49,104246.0,93.0,35.9,39.5544N,119.7356W,1080.0,2810.0,United States,Washoe,nan,4413.0,32-68400,0856391,"March 15, 1905",35.8,Ron Smith,,UTC−7 (PDT),UTC−8 (PST),Council-manager,0.2,cityofsparks.us,,
298.0,Lakewood,NewJersey,92843.0,12.19,104157.0,64.0,24.7,40.0771N,74.2004W,1575.0,4079.0,United States,Ocean,nan,49.0,34-38550,882076,"March 23, 1892",24.577,Raymond Coles,,UTC-4 (Eastern (EDT)),UTC-5 (Eastern (EST)),Township,0.405,www.lakewoodnj.gov,,
299.0,Burbank,California,103340.0,0.34,103695.0,45.1,17.4,34.1901N,118.3264W,2318.0,6003.0,United States,Los Angeles,nan,607.0,06-08954,"1652677, 2409939","July 8, 1911",17.35,Emily Gabel-Luddy,,UTC−7 (PDT),UTC−8 (Pacific),Council-manager,0.04,burbankca.gov,,
300.0,Rialto,California,99171.0,4.30,103440.0,57.8,22.3,34.1118N,117.3883W,1789.0,4633.0,United States,San Bernardino,nan,1257.0,06-60466,"1661306, 2410931","November 17, 1911",22.33,nan,,UTC−7 (PDT),UTC−8 (Pacific Time Zone),nan,0.01,www.rialtoca.gov,,
301.0,Allen,Texas,84246.0,22.72,103383.0,70.2,27.1,33.0997N,96.6631W,1434.0,3715.0,United States,Collin,nan,659.0,48-01924,1329377,1953,,nan,,UTC-5 (CDT),UTC-6 (CST),Council–manager,,City of Allen official website,,
302.0,El Cajon,California,99478.0,3.78,103241.0,37.6,14.5,32.8017N,116.9604W,2763.0,7156.0,United States,San Diego,nan,433.0,06-21712,"1652701, 2410406","November 12, 1912",14.48,Bill Wells,,UTC−7 (PDT),UTC−8 (Pacific),nan,0.0,www.ci.el-cajon.ca.us,,
303.0,Las Cruces,NewMexico,97618.0,5.44,102926.0,199.2,76.9,32.3264N,106.7897W,511.0,1323.0,United States,Doña Ana,nan,3900.0,35-39380,0899715,1907:135,76.5,Ken Miyagishima,2132331058667.0,UTC-6 (DST),UTC-7 (Mountain),Council–manager,0.2,www.las-cruces.org,,
304.0,Renton,Washington,90927.0,12.35,102153.0,60.6,23.4,47.4761N,122.1920W,1666.0,4314.0,United States,King,nan,46410.0,53-57745,1512599,nan,23.43,Denis Law,,UTC−7 (PDT),UTC−8 (PST),nan,0.18,www.rentonwa.gov,,
305.0,Davenport,Iowa,99685.0,2.41,102085.0,162.9,62.9,41.5541N,90.6040W,630.0,1631.0,United States,Scott,nan,580.0,19-19000,nan,"January 25, 1839",62.95,Frank Klipsch,382630474226.0,UTC−5 (CDT),UTC−6 (CST),Mayor–council,2.13,www.cityofdavenportiowa.com,,
306.0,South Bend,Indiana,101168.0,0.68,101860.0,107.2,41.4,41.6769N,86.2690W,949.0,2457.0,United States,St. Joseph,nan,692.0,18-71000,452796,1865,41.4,Pete Buttigieg,318586.0,UTC−4 (EDT),UTC−5 (EST),Strong Mayor-Council,0.42,www.southbendin.gov,,
307.0,Vista,California,93834.0,7.88,101224.0,48.4,18.7,33.1895N,117.2386W,2099.0,5436.0,United States of America,San Diego,nan,325.0,06-82996,"1661645, 2412161","January 28, 1963",18.68,Judy Ritter,,UTC−7 (PDT),UTC−8 (Pacific Time Zone),Council-Manager,0.0,www.cityofvista.com,,
308.0,Tuscaloosa,Alabama,90468.0,11.77,101113.0,185.7,71.7,33.2065N,87.5346W,540.0,1399.0,United States,Tuscaloosa,nan,222.0,01-77256,0153742,"December 13, 1819",61.64,Walter Maddox,235628.0,UTC−5 (CDT),UTC−6 (CST),Mayor-Council,10.06,www.tuscaloosa.com,,
309.0,Clinton,Michigan,96796.0,4.14,100800.0,72.8,28.1,42.5903N,82.9170W,1380.0,3573.0,United States,Macomb,nan,876.0,26-16500,1626099,nan,28.2,nan,,UTC-4 (EDT),UTC-5 (Eastern (EST)),nan,0.04,Official website,,
310.0,Edison,NewJersey,99967.0,0.73,100693.0,78.0,30.1,40.5040N,74.3494W,1309.0,3389.0,United States,Middlesex,nan,39.0,3402320230,nan,"March 17, 1870",29.94,Thomas Lankey,,UTC−4 (Eastern (EDT)),UTC−5 (Eastern (EST)),Faulkner Act Mayor-Council,0.698,www.edisonnj.org,,
311.0,Woodbridge,NewJersey,99585.0,0.87,100450.0,60.3,23.3,40.5607N,74.2927W,1680.0,4351.0,United States,Middlesex,nan,18.0,34-82000,882165,"February 21, 1798",60.1222,John McCormac,,UTC−4 (Eastern (EDT)),UTC−5 (Eastern (EST)),Faulkner Act,3.3502,www.twp.woodbridge.nj.us,,
312.0,San Angelo,Texas,93200.0,7.53,100215.0,155.1,59.9,31.4411N,100.4505W,649.0,1681.0,United States,Tom Green,San Angeloan,1844.0,48-64472,1375953,nan,55.9,nan,118182.0,UTC−5 (CDT),UTC−6 (CST),Council-Manager,2.3,"The City of San Angelo, Texas",,
313.0,Kenosha,Wisconsin,99218.0,0.95,100164.0,72.5,28.0,42.5822N,87.8456W,1381.0,3577.0,United States,Kenosha,Kenoshan,604.0,55-39225,1567416,"Kenosha, February 8, 1850",27.91,John Antaramian,,UTC−5 (CDT),UTC−6 (CST),Municipality,0.09,www.kenosha.org,,
314.0,Vacaville,California,92428.0,8.36,100154.0,75.1,29.0,38.3539N,121.9728W,1332.0,3449.0,United States,Solano,nan,174.0,06-81554,"277624, 2412139","August 9, 1892",28.81,Ron Rowlett,,UTC−7 (PDT),UTC−8 (Pacific),nan,0.21,www.cityofvacaville.com,,
